From,To
-11,1
1,2
1,3
-10,4
-8,5
-5,6
-17,7
4,8
4,9
-10,10
-10,11
-8,12
-11,13
-11,14
-5,15
11,16
-8,17
-8,18
-5,19
-5,20
-5,21
19,22
-8,23
-8,24
-10,25
-5,26
-5,27
-5,28
-10,29
17,30
-10,31
-8,32
-5,33
-5,34
-5,35
-5,36
-5,37
13,38
-5,39
-5,40
-5,41
-7,42
-7,43
-7,44
-5,45
-5,46
-8,47
-8,48
17,49
17,50
-5,51
-14,52
-5,53
-8,54
25,55
-9,56
-13,57
-10,58
25,59
-13,60
25,61
-5,62
-8,63
-5,64
36,65
36,66
36,67
-10,68
19,69
19,70
19,71
19,72
19,73
-10,74
42,75
35,76
-14,77
-14,78
-14,79
-14,80
-14,81
-5,82
-9,83
60,84
-14,85
-14,86
-14,87
-14,88
-13,89
-13,90
-13,91
59,92
-11,93
-13,94
52,95
52,96
-5,97
-5,98
9,99
-5,100
-17,101
-17,102
-14,103
-14,104
103,105
-5,106
-8,107
-8,108
52,109
52,110
88,111
88,112
81,113
-16,114
-16,115
-16,116
-16,117
-16,118
-16,119
-16,120
-16,121
-16,122
-16,123
-16,124
-17,125
-16,126
-16,127
-16,128
58,129
58,130
101,131
-5,132
-8,133
-13,134
-13,135
-13,136
-17,137
-13,138
-13,139
109,140
-17,141
-5,142
-16,143
-16,144
-5,145
-5,146
-16,147
-16,148
-16,149
-16,150
-16,151
43,152
-8,153
104,154
-13,155
-13,156
-13,157
-17,158
-14,159
-5,160
125,161
125,162
-16,163
-13,164
125,165
-15,166
-13,167
-13,168
-13,169
-5,170
134,171
134,172
134,173
124,174
-15,175
-15,176
-15,177
175,178
134,179
-13,180
-13,181
128,182
154,183
159,184
78,185
165,186
165,187
165,188
-13,189
-13,190
94,191
128,192
128,193
-13,194
-15,195
-15,196
-15,197
167,198
167,199
103,200
103,201
111,202
85,203
183,204
-13,205
169,206
206,207
196,208
88,209
88,210
122,211
88,212
88,213
88,214
92,215
88,216
-15,217
-13,218
-15,219
177,220
-15,221
177,222
150,223
128,224
150,225
150,226
-15,227
-17,228
-17,229
-17,230
-17,231
-17,232
194,233
194,234
194,235
194,236
179,237
179,238
179,239
164,240
211,241
211,242
149,243
149,244
149,245
-13,246
-15,247
165,248
165,249
-15,250
125,251
-15,252
-9,253
177,254
205,255
177,256
221,257
-13,258
199,259
176,260
-15,261
186,262
-17,263
-14,264
-14,265
-14,266
-14,267
-14,268
-14,269
-14,270
-14,271
-14,272
-15,273
-12,274
221,275
221,276
252,277
221,278
224,279
252,280
-15,281
225,282
224,283
225,284
224,285
224,286
224,287
224,288
224,289
-17,290
-17,291
-17,292
-13,293
-13,294
-13,295
-13,296
-13,297
245,298
245,299
245,300
245,301
274,302
-17,303
166,304
221,305
221,306
221,307
221,308
221,309
228,310
-17,311
77,312
221,313
-12,314
-17,315
168,316
168,317
52,318
52,319
52,320
273,321
171,322
171,323
171,324
-13,325
252,326
252,327
-13,328
221,329
221,330
89,331
141,332
141,333
141,334
141,335
141,336
141,337
250,338
250,339
250,340
52,341
52,342
52,343
52,344
52,345
52,346
52,347
52,348
-15,349
168,350
168,351
168,352
168,353
-15,354
127,355
127,356
127,357
127,358
127,359
205,360
174,361
221,362
236,363
128,364
52,365
52,366
186,367
186,368
-15,369
304,370
134,371
263,372
263,373
306,374
267,375
167,376
167,377
167,378
263,379
263,380
-12,381
52,382
52,383
52,384
-13,385
-13,386
52,387
319,388
325,389
-15,390
175,391
205,392
205,393
177,394
205,395
370,396
221,397
221,398
221,399
221,400
362,401
362,402
362,403
221,404
228,405
221,406
221,407
117,408
-15,409
306,410
306,411
-12,412
-17,413
-15,414
306,415
52,416
52,417
293,418
-15,419
208,420
222,421
-15,422
393,423
395,424
395,425
383,426
52,427
221,428
-17,429
236,430
236,431
390,432
419,433
420,434
421,435
422,436
423,437
424,438
425,439
426,440
427,441
171,442
179,443
252,444
413,445
-12,446
-3,447
150,448
-2,449
-2,450
250,451
-2,452
-2,453
-2,454
380,455
-12,456
221,457
419,458
419,459
419,460
419,461
419,462
148,463
179,464
-15,465
-15,466
221,467
380,468
419,469
419,470
419,471
419,472
419,473
419,474
-2,475
419,476
419,477
419,478
419,479
419,480
78,481
128,482
128,483
128,484
128,485
128,486
128,487
-9,488
409,489
419,490
419,491
419,492
419,493
128,494
128,495
128,496
382,497
465,498
465,499
465,500
432,501
422,502
425,503
-12,504
-4,505
432,506
432,507
456,508
456,509
221,510
-17,511
371,512
-2,513
-15,514
425,515
425,516
425,517
425,518
425,519
425,520
425,521
456,522
381,523
293,524
395,525
515,526
425,527
205,528
425,529
205,530
425,531
425,532
-12,533
346,534
-17,535
501,536
221,537
221,538
496,539
483,540
293,541
293,542
486,543
496,544
494,545
483,546
496,547
484,548
486,549
486,550
293,551
496,552
535,553
-2,554
-2,555
-15,556
-15,557
314,558
292,559
292,560
292,561
292,562
292,563
281,564
-12,565
-4,566
-4,567
-4,568
566,569
179,570
179,571
179,572
179,573
301,574
301,575
301,576
510,577
390,578
536,579
556,580
556,581
556,582
556,583
556,584
556,585
250,586
-15,587
425,588
-12,589
-15,590
553,591
553,592
250,593
221,594
221,595
128,596
381,597
444,598
565,599
565,600
565,601
532,602
532,603
-15,604
380,605
380,606
-15,607
-2,608
-12,609
-12,610
-17,611
350,612
350,613
350,614
556,615
533,616
533,617
533,618
533,619
533,620
533,621
533,622
-12,623
556,624
533,625
533,626
533,627
533,628
533,629
533,630
533,631
533,632
533,633
533,634
533,635
586,636
-4,637
-4,638
-4,639
228,640
604,641
-9,642
590,643
590,644
590,645
590,646
590,647
590,648
590,649
-17,650
533,651
-17,652
420,653
-12,654
367,655
367,656
-13,657
536,658
-12,659
556,660
556,661
556,662
556,663
581,664
556,665
581,666
581,667
581,668
581,669
581,670
581,671
639,672
-4,673
536,674
536,675
390,676
654,677
654,678
610,679
-12,680
607,681
607,682
607,683
607,684
607,685
607,686
607,687
607,688
607,689
607,690
607,691
607,692
221,693
-15,694
-12,695
-12,696
642,697
641,698
641,699
364,700
-12,701
607,702
607,703
607,704
-12,705
-2,706
-2,707
653,708
653,709
653,710
653,711
-17,712
485,713
552,714
485,715
552,716
547,717
547,718
547,719
548,720
547,721
539,722
575,723
556,724
556,725
556,726
556,727
533,728
533,729
533,730
533,731
533,732
533,733
533,734
533,735
533,736
533,737
-2,738
659,739
659,740
659,741
659,742
659,743
659,744
659,745
659,746
659,747
659,748
659,749
659,750
-3,751
-3,752
-3,753
651,754
651,755
651,756
651,757
651,758
419,759
419,760
449,761
454,762
454,763
-2,764
-2,765
419,766
419,767
419,768
510,769
647,770
648,771
-17,772
454,773
454,774
449,775
553,776
578,777
578,778
578,779
659,780
659,781
659,782
740,783
659,784
659,785
659,786
-3,787
-3,788
-3,789
-17,790
750,791
-3,792
-3,793
-3,794
-2,795
-12,796
659,797
659,798
659,799
659,800
659,801
659,802
659,803
790,804
-15,805
-4,806
604,807
-3,808
-3,809
-3,810
-3,811
-3,812
-3,813
-3,814
-3,815
-6,816
-6,817
-6,818
-6,819
-6,820
-6,821
-6,822
-6,823
-6,824
-6,825
-6,826
-6,827
-6,828
-6,829
-6,830
-6,831
-6,832
-6,833
-6,834
-6,835
-6,836
-6,837
-6,838
-6,839
-6,840
-6,841
-6,842
-6,843
-6,844
-6,845
-15,846
-6,847
-12,848
-17,849
662,850
663,851
667,852
-4,853
-3,854
688,855
511,856
644,857
644,858
796,859
796,860
-4,861
-4,862
-17,863
790,864
-12,865
529,866
-3,867
-3,868
-4,869
-3,870
-3,871
-3,872
-3,873
-3,874
-3,875
-3,876
507,877
507,878
-3,879
-3,880
-3,881
-3,882
-3,883
-3,884
-3,885
-3,886
-3,887
454,888
454,889
454,890
-2,891
-2,892
-3,893
-3,894
-3,895
-3,896
-3,897
-3,898
-3,899
-4,900
-4,901
-4,902
-4,903
-4,904
-3,905
-17,906
-17,907
-9,908
-13,909
-13,910
-17,911
514,912
514,913
696,914
-3,915
-3,916
-3,917
-3,918
-3,919
-3,920
695,921
695,922
696,923
696,924
696,925
848,926
-2,927
-17,928
786,929
-15,930
-2,931
-2,932
695,933
695,934
-2,935
-2,936
-2,937
-2,938
-2,939
-2,940
-2,941
-2,942
-2,943
-4,944
-4,945
-4,946
507,947
-4,948
-4,949
-4,950
-4,951
806,952
848,953
-9,954
806,955
806,956
806,957
-10,958
-2,959
852,960
-4,961
-4,962
-4,963
-4,964
554,965
554,966
554,967
554,968
555,969
-3,970
-3,971
-3,972
-3,973
-4,974
-2,975
-12,976
-13,977
-4,978
-2,979
-2,980
-2,981
179,982
587,983
610,984
959,985
959,986
959,987
911,988
911,989
936,990
937,991
-9,992
-9,993
-9,994
-4,995
-4,996
-4,997
-4,998
-2,999
865,1000
-5,1001
-5,1002
-5,1003
-5,1004
-5,1005
-5,1006
-5,1007
-5,1008
-15,1009
-5,1010
-5,1011
-5,1012
-5,1013
-5,1014
-5,1015
-5,1016
653,1017
653,1018
653,1019
653,1020
653,1021
653,1022
653,1023
653,1024
653,1025
653,1026
653,1027
-5,1028
-5,1029
-5,1030
-5,1031
-5,1032
-4,1033
-4,1034
-4,1035
-4,1036
-2,1037
-2,1038
-12,1039
-4,1040
-9,1041
-4,1042
-2,1043
-4,1044
-4,1045
-4,1046
-4,1047
-4,1048
-4,1049
-4,1050
-4,1051
-4,1052
-4,1053
-4,1054
-4,1055
-4,1056
-13,1057
-4,1058
-5,1059
-4,1060
533,1061
-3,1062
-4,1063
653,1064
653,1065
653,1066
653,1067
653,1068
653,1069
653,1070
653,1071
653,1072
653,1073
653,1074
653,1075
653,1076
653,1077
-4,1078
-4,1079
848,1080
848,1081
848,1082
848,1083
-4,1084
927,1085
848,1086
848,1087
-4,1088
-4,1089
-4,1090
594,1091
-4,1092
-4,1093
-17,1094
-4,1095
-9,1096
-4,1097
-4,1098
-4,1099
-4,1100
-4,1101
-4,1102
-4,1103
-4,1104
-4,1105
-4,1106
-4,1107
-4,1108
-4,1109
-4,1110
-4,1111
869,1112
869,1113
869,1114
-4,1115
-4,1116
-4,1117
-4,1118
-4,1119
-4,1120
-4,1121
577,1122
-4,1123
589,1124
869,1125
-4,1126
-4,1127
-15,1128
-17,1129
-2,1130
-4,1131
927,1132
-4,1133
927,1134
-4,1135
-4,1136
-4,1137
-4,1138
-4,1139
-4,1140
-4,1141
-4,1142
-4,1143
-4,1144
-4,1145
-17,1146
740,1147
-4,1148
-4,1149
-4,1150
-4,1151
-4,1152
-4,1153
-4,1154
-4,1155
-4,1156
-4,1157
653,1158
653,1159
653,1160
653,1161
653,1162
653,1163
653,1164
653,1165
653,1166
653,1167
653,1168
653,1169
653,1170
653,1171
653,1172
-4,1173
-4,1174
-4,1175
-4,1176
-4,1177
-9,1178
913,1179
913,1180
-2,1181
-2,1182
-4,1183
-4,1184
-15,1185
-4,1186
-4,1187
-4,1188
-4,1189
-4,1190
-4,1191
-4,1192
939,1193
-4,1194
-4,1195
-4,1196
-4,1197
-4,1198
-4,1199
-4,1200
-4,1201
-4,1202
-4,1203
-4,1204
-4,1205
659,1206
-13,1207
-9,1208
653,1209
-4,1210
-4,1211
-4,1212
-4,1213
-4,1214
-4,1215
-4,1216
-4,1217
-4,1218
-4,1219
-4,1220
-4,1221
-4,1222
-4,1223
-4,1224
-4,1225
575,1226
-4,1227
-4,1228
-4,1229
-4,1230
-4,1231
-4,1232
-4,1233
-15,1234
-4,1235
-9,1236
-2,1237
-2,1238
-2,1239
-2,1240
-2,1241
-4,1242
-4,1243
-4,1244
-4,1245
-4,1246
694,1247
662,1248
662,1249
662,1250
-2,1251
662,1252
662,1253
633,1254
633,1255
-4,1256
-4,1257
-4,1258
-4,1259
-4,1260
-4,1261
-4,1262
-4,1263
-4,1264
-4,1265
-4,1266
-4,1267
608,1268
608,1269
-12,1270
-4,1271
-4,1272
-4,1273
-4,1274
-4,1275
-4,1276
-4,1277
-4,1278
-4,1279
-4,1280
-4,1281
-4,1282
-4,1283
-4,1284
-4,1285
-4,1286
-4,1287
-4,1288
-4,1289
-15,1290
-2,1291
976,1292
976,1293
608,1294
-17,1295
-17,1296
-4,1297
-4,1298
-4,1299
-4,1300
-4,1301
-4,1302
-4,1303
-4,1304
-4,1305
-2,1306
-4,1307
-4,1308
663,1309
-4,1310
-4,1311
-4,1312
-3,1313
-4,1314
-4,1315
-4,1316
-4,1317
-4,1318
-4,1319
-4,1320
-4,1321
-4,1322
-4,1323
-4,1324
-4,1325
-4,1326
-4,1327
-4,1328
-4,1329
-4,1330
-4,1331
-4,1332
-4,1333
-4,1334
-4,1335
-4,1336
-4,1337
-4,1338
-4,1339
-4,1340
-4,1341
-4,1342
-4,1343
-4,1344
-4,1345
-4,1346
-4,1347
-4,1348
-4,1349
-4,1350
-4,1351
-4,1352
-4,1353
-4,1354
-4,1355
-4,1356
-4,1357
-4,1358
-4,1359
-4,1360
-4,1361
-9,1362
-4,1363
-17,1364
-13,1365
-13,1366
-3,1367
-9,1368
-3,1369
976,1370
976,1371
662,1372
556,1373
939,1374
-4,1375
-4,1376
-4,1377
-2,1378
-4,1379
-4,1380
-4,1381
-4,1382
-4,1383
-4,1384
-4,1385
-4,1386
-4,1387
-4,1388
-4,1389
-4,1390
-4,1391
607,1392
607,1393
607,1394
607,1395
-17,1396
-17,1397
-4,1398
-4,1399
-4,1400
-4,1401
-4,1402
-4,1403
-4,1404
701,1405
701,1406
-4,1407
-4,1408
-4,1409
-4,1410
-4,1411
-4,1412
-4,1413
-9,1414
-4,1415
-4,1416
-4,1417
-4,1418
-4,1419
-4,1420
-4,1421
-4,1422
-4,1423
-4,1424
-4,1425
-4,1426
-4,1427
-4,1428
-4,1429
1041,1430
1041,1431
-4,1432
-4,1433
-4,1434
-4,1435
-4,1436
-15,1437
-4,1438
-4,1439
-4,1440
-4,1441
-4,1442
-4,1443
-4,1444
-4,1445
-4,1446
-4,1447
-4,1448
-4,1449
-4,1450
981,1451
943,1452
772,1453
943,1454
943,1455
981,1456
648,1457
590,1458
-4,1459
-4,1460
-4,1461
-4,1462
1208,1463
1208,1464
-4,1465
-4,1466
869,1467
-4,1468
-4,1469
-4,1470
-4,1471
-4,1472
-4,1473
-4,1474
-4,1475
-5,1476
-5,1477
-5,1478
-5,1479
-5,1480
-5,1481
790,1482
-2,1483
790,1484
667,1485
869,1486
869,1487
634,1488
-13,1489
-13,1490
-6,1491
-6,1492
-13,1493
-4,1494
-17,1495
-4,1496
-4,1497
-15,1498
-9,1499
-9,1500
-9,1501
-9,1502
-9,1503
-4,1504
-9,1505
-9,1506
-9,1507
-9,1508
-9,1509
-4,1510
-4,1511
-4,1512
-4,1513
-4,1514
-4,1515
-9,1516
-4,1517
-4,1518
-4,1519
-4,1520
-4,1521
-4,1522
-9,1523
-4,1524
-4,1525
-4,1526
-9,1527
-4,1528
-4,1529
-4,1530
-4,1531
-4,1532
-4,1533
-4,1534
-9,1535
-4,1536
-4,1537
-4,1538
-4,1539
-4,1540
-4,1541
-4,1542
-4,1543
-4,1544
-4,1545
-4,1546
-4,1547
-4,1548
-4,1549
738,1550
738,1551
707,1552
708,1553
-4,1554
-4,1555
-4,1556
-4,1557
-4,1558
-4,1559
-4,1560
-4,1561
721,1562
-4,1563
-4,1564
-4,1565
-4,1566
-13,1567
-4,1568
-4,1569
-4,1570
-4,1571
-4,1572
-4,1573
-4,1574
-4,1575
-4,1576
-4,1577
-4,1578
-4,1579
-4,1580
-4,1581
-4,1582
-4,1583
-4,1584
-4,1585
-4,1586
-9,1587
1128,1588
-4,1589
-4,1590
-4,1591
-4,1592
-4,1593
-4,1594
-4,1595
-4,1596
896,1597
-4,1598
-4,1599
-4,1600
-4,1601
-4,1602
-4,1603
796,1604
-5,1605
-4,1606
-4,1607
-4,1608
-13,1609
-13,1610
-4,1611
-4,1612
-4,1613
-4,1614
-4,1615
-4,1616
-4,1617
-4,1618
-4,1619
-4,1620
-4,1621
-4,1622
-4,1623
680,1624
-4,1625
-4,1626
-4,1627
-4,1628
-4,1629
-12,1630
-4,1631
-4,1632
-4,1633
-4,1634
-4,1635
-4,1636
-4,1637
-4,1638
-4,1639
-4,1640
-4,1641
-4,1642
-4,1643
-4,1644
-4,1645
-4,1646
-4,1647
-4,1648
-4,1649
-4,1650
-4,1651
-4,1652
-4,1653
-4,1654
-4,1655
1483,1656
1483,1657
1483,1658
-17,1659
-2,1660
-2,1661
-4,1662
-4,1663
-4,1664
-4,1665
-13,1666
-9,1667
706,1668
706,1669
-4,1670
-4,1671
-4,1672
-4,1673
-4,1674
-4,1675
-4,1676
-4,1677
-4,1678
-4,1679
-4,1680
-4,1681
-4,1682
-4,1683
-4,1684
-17,1685
-15,1686
-13,1687
-17,1688
-4,1689
-4,1690
-4,1691
-17,1692
-4,1693
-4,1694
-12,1695
-4,1696
-4,1697
-4,1698
-4,1699
-4,1700
-4,1701
-4,1702
-4,1703
-4,1704
-4,1705
-4,1706
-4,1707
-4,1708
-4,1709
-4,1710
-4,1711
-15,1712
-4,1713
-4,1714
-4,1715
-4,1716
-4,1717
-4,1718
-4,1719
-4,1720
-4,1721
-4,1722
-4,1723
-12,1724
-4,1725
-4,1726
-4,1727
-4,1728
-4,1729
-2,1730
-2,1731
1502,1732
-4,1733
1498,1734
-4,1735
-4,1736
-4,1737
-4,1738
-4,1739
-4,1740
-4,1741
-4,1742
-4,1743
-3,1744
-3,1745
-4,1746
-4,1747
-4,1748
-4,1749
-4,1750
-4,1751
-4,1752
-4,1753
-4,1754
-4,1755
-4,1756
-4,1757
-4,1758
-4,1759
-4,1760
-4,1761
-4,1762
-6,1763
-4,1764
-4,1765
-4,1766
-4,1767
-4,1768
-4,1769
-4,1770
-4,1771
-4,1772
-4,1773
-4,1774
-4,1775
-4,1776
-4,1777
-4,1778
-4,1779
-4,1780
-4,1781
-4,1782
-4,1783
-4,1784
-4,1785
-4,1786
-4,1787
-4,1788
-4,1789
-4,1790
-4,1791
-4,1792
-13,1793
913,1794
913,1795
-4,1796
-4,1797
-4,1798
-4,1799
-4,1800
-4,1801
-4,1802
-4,1803
-4,1804
-4,1805
-4,1806
-4,1807
1251,1808
1251,1809
-12,1810
-4,1811
1587,1812
1587,1813
-4,1814
-12,1815
-4,1816
-4,1817
-4,1818
-4,1819
-4,1820
-4,1821
-4,1822
-4,1823
-4,1824
-4,1825
-4,1826
-4,1827
-4,1828
-4,1829
-4,1830
-4,1831
-4,1832
-4,1833
-4,1834
-12,1835
-17,1836
-9,1837
-4,1838
-4,1839
-4,1840
-4,1841
-4,1842
-4,1843
-4,1844
-4,1845
-4,1846
-4,1847
-4,1848
-4,1849
-4,1850
-4,1851
1251,1852
-4,1853
-4,1854
-4,1855
-4,1856
-4,1857
-4,1858
-4,1859
-4,1860
-4,1861
-4,1862
-4,1863
-4,1864
-4,1865
-4,1866
-4,1867
-4,1868
-4,1869
-4,1870
-4,1871
-4,1872
-4,1873
-4,1874
-4,1875
-4,1876
-4,1877
-4,1878
-4,1879
-4,1880
-4,1881
-4,1882
-4,1883
-4,1884
-4,1885
-4,1886
-4,1887
-4,1888
-4,1889
-4,1890
-4,1891
-4,1892
-4,1893
-4,1894
-4,1895
-4,1896
-4,1897
-4,1898
-4,1899
-4,1900
-4,1901
-4,1902
-4,1903
-4,1904
-4,1905
-4,1906
-4,1907
-4,1908
-4,1909
-4,1910
-4,1911
-4,1912
-4,1913
-4,1914
-4,1915
-4,1916
-4,1917
-4,1918
-4,1919
-4,1920
-4,1921
-4,1922
-4,1923
-4,1924
-4,1925
-4,1926
-4,1927
-4,1928
-4,1929
-9,1930
-4,1931
913,1932
913,1933
913,1934
913,1935
913,1936
913,1937
913,1938
-4,1939
-17,1940
-17,1941
-4,1942
-4,1943
-4,1944
-4,1945
-9,1946
-4,1947
-4,1948
-13,1949
-15,1950
-4,1951
-4,1952
-4,1953
-4,1954
-4,1955
-4,1956
-4,1957
-4,1958
-4,1959
-4,1960
-4,1961
-2,1962
1251,1963
1251,1964
-4,1965
-4,1966
-4,1967
-4,1968
-4,1969
-3,1970
-4,1971
-4,1972
-4,1973
-4,1974
-4,1975
-4,1976
-4,1977
-4,1978
-4,1979
-4,1980
-4,1981
-4,1982
-4,1983
-4,1984
-4,1985
-4,1986
-4,1987
-4,1988
-4,1989
-4,1990
-4,1991
-2,1992
-2,1993
-2,1994
-2,1995
-2,1996
-2,1997
-2,1998
-2,1999
-4,2000
-9,2001
-9,2002
-4,2003
-4,2004
-4,2005
869,2006
869,2007
869,2008
869,2009
-4,2010
1661,2011
-4,2012
-4,2013
-4,2014
-4,2015
-4,2016
-4,2017
-4,2018
-4,2019
-4,2020
-4,2021
-4,2022
1233,2023
-4,2024
-2,2025
-4,2026
-4,2027
-4,2028
-4,2029
-4,2030
-4,2031
-4,2032
-4,2033
-4,2034
-4,2035
-4,2036
-4,2037
-4,2038
-4,2039
-2,2040
-2,2041
-4,2042
-4,2043
-4,2044
-17,2045
-4,2046
-4,2047
-4,2048
-4,2049
-4,2050
-2,2051
-4,2052
-4,2053
-4,2054
-4,2055
-17,2056
-4,2057
-5,2058
-4,2059
-4,2060
-4,2061
-4,2062
-4,2063
-4,2064
-4,2065
-4,2066
-9,2067
-17,2068
-10,2069
-4,2070
-4,2071
-4,2072
-4,2073
-4,2074
-4,2075
-4,2076
-4,2077
-4,2078
-4,2079
-4,2080
-4,2081
-4,2082
-4,2083
-4,2084
-4,2085
-4,2086
808,2087
-4,2088
-4,2089
-2,2090
-4,2091
-4,2092
1930,2093
1930,2094
1930,2095
-4,2096
-4,2097
-4,2098
-4,2099
-4,2100
-4,2101
-4,2102
-4,2103
-4,2104
-4,2105
-4,2106
-4,2107
-4,2108
-4,2109
-4,2110
-4,2111
-4,2112
-4,2113
-4,2114
-4,2115
-4,2116
-4,2117
-4,2118
-5,2119
-4,2120
-4,2121
-4,2122
-4,2123
-4,2124
-4,2125
-4,2126
-4,2127
-4,2128
-9,2129
-4,2130
-10,2131
-5,2132
-5,2133
-9,2134
-17,2135
-4,2136
1963,2137
869,2138
-4,2139
-4,2140
-4,2141
-4,2142
-4,2143
-4,2144
-4,2145
-4,2146
-4,2147
-4,2148
-4,2149
-4,2150
-4,2151
-4,2152
-4,2153
-4,2154
-4,2155
1942,2156
1942,2157
1942,2158
-4,2159
-4,2160
-4,2161
-4,2162
-4,2163
-4,2164
-4,2165
-4,2166
-12,2167
1435,2168
-4,2169
-4,2170
-4,2171
-4,2172
-4,2173
-2,2174
-17,2175
-4,2176
1659,2177
-4,2178
-4,2179
-15,2180
-4,2181
-4,2182
1946,2183
1946,2184
-4,2185
-4,2186
-4,2187
-4,2188
-4,2189
-4,2190
-4,2191
-4,2192
-5,2193
-5,2194
-5,2195
-5,2196
-4,2197
-4,2198
-4,2199
-4,2200
-4,2201
-4,2202
-4,2203
-4,2204
-4,2205
-4,2206
-4,2207
-15,2208
-4,2209
-4,2210
-4,2211
-4,2212
-4,2213
-4,2214
-4,2215
-4,2216
-4,2217
-4,2218
-4,2219
-4,2220
-4,2221
-4,2222
-4,2223
-4,2224
-4,2225
-4,2226
-4,2227
-4,2228
-4,2229
-4,2230
-4,2231
-4,2232
-4,2233
-9,2234
-9,2235
-9,2236
-9,2237
-9,2238
-9,2239
-9,2240
-9,2241
-9,2242
-9,2243
-9,2244
-9,2245
-9,2246
-9,2247
-9,2248
-9,2249
-9,2250
-9,2251
-9,2252
-9,2253
-12,2254
-17,2255
-4,2256
933,2257
-17,2258
-9,2259
-13,2260
-13,2261
-13,2262
-13,2263
-13,2264
-13,2265
-13,2266
-13,2267
-13,2268
-13,2269
-4,2270
-13,2271
-13,2272
-4,2273
-12,2274
1378,2275
1378,2276
1378,2277
1378,2278
627,2279
-3,2280
933,2281
933,2282
-4,2283
-4,2284
-4,2285
-4,2286
-4,2287
-4,2288
-4,2289
-4,2290
-4,2291
-4,2292
-4,2293
-4,2294
-4,2295
-4,2296
-4,2297
-4,2298
-4,2299
-4,2300
-4,2301
-4,2302
-4,2303
-4,2304
-4,2305
-4,2306
-4,2307
-13,2308
-4,2309
-4,2310
-4,2311
-4,2312
-4,2313
-4,2314
-4,2315
-4,2316
-4,2317
-4,2318
-4,2319
2318,2320
-4,2321
-4,2322
-4,2323
-4,2324
-4,2325
-4,2326
-4,2327
-3,2328
-4,2329
-4,2330
1606,2331
1993,2332
1396,2333
-9,2334
-13,2335
-9,2336
-4,2337
-4,2338
-4,2339
-4,2340
-4,2341
-4,2342
-4,2343
-4,2344
-4,2345
-4,2346
-4,2347
-4,2348
-4,2349
-4,2350
-4,2351
-4,2352
-4,2353
-4,2354
-4,2355
-4,2356
-4,2357
-4,2358
-4,2359
-4,2360
-4,2361
-4,2362
-4,2363
-4,2364
-4,2365
-4,2366
-4,2367
-4,2368
-4,2369
-9,2370
-4,2371
-4,2372
-4,2373
-4,2374
-4,2375
-4,2376
-4,2377
-4,2378
-4,2379
-4,2380
-4,2381
-4,2382
-9,2383
-4,2384
-13,2385
-4,2386
-13,2387
-5,2388
-4,2389
-4,2390
-4,2391
-4,2392
-4,2393
-4,2394
-4,2395
-4,2396
-4,2397
-4,2398
-4,2399
-4,2400
-4,2401
-4,2402
-4,2403
-4,2404
-4,2405
-4,2406
-4,2407
-4,2408
-4,2409
-4,2410
-4,2411
1254,2412
1254,2413
1254,2414
1373,2415
1254,2416
1658,2417
-13,2418
-5,2419
-4,2420
-4,2421
-4,2422
-15,2423
-4,2424
-4,2425
-4,2426
-4,2427
-4,2428
-4,2429
-4,2430
-4,2431
-4,2432
-4,2433
-4,2434
-4,2435
-9,2436
-4,2437
-4,2438
-17,2439
-17,2440
2440,2441
-9,2442
2440,2443
-17,2444
-17,2445
-17,2446
-17,2447
-4,2448
-9,2449
-4,2450
-13,2451
-9,2452
-9,2453
-9,2454
-9,2455
-9,2456
-9,2457
-4,2458
-4,2459
-4,2460
-4,2461
-4,2462
-4,2463
-4,2464
-4,2465
-4,2466
-4,2467
-4,2468
-4,2469
-4,2470
-4,2471
-4,2472
-4,2473
-4,2474
-4,2475
-4,2476
-4,2477
-4,2478
-4,2479
-4,2480
-4,2481
-4,2482
-4,2483
-4,2484
-4,2485
1240,2486
1240,2487
1240,2488
1240,2489
1240,2490
1240,2491
-4,2492
-4,2493
-4,2494
-4,2495
-4,2496
-4,2497
-4,2498
-4,2499
-4,2500
-4,2501
-4,2502
-4,2503
-4,2504
-4,2505
-4,2506
-4,2507
-4,2508
-4,2509
-4,2510
-5,2511
-4,2512
-4,2513
-4,2514
-4,2515
-4,2516
-4,2517
-4,2518
-15,2519
-4,2520
-4,2521
-4,2522
-4,2523
-4,2524
-4,2525
-4,2526
-4,2527
-4,2528
-4,2529
-4,2530
-4,2531
-4,2532
-4,2533
-4,2534
-4,2535
-4,2536
-4,2537
-4,2538
-4,2539
-4,2540
-4,2541
-4,2542
-4,2543
-4,2544
-9,2545
-4,2546
-4,2547
-4,2548
-4,2549
-12,2550
-4,2551
-4,2552
-4,2553
-4,2554
-4,2555
-4,2556
2208,2557
2208,2558
992,2559
-12,2560
-6,2561
-13,2562
-13,2563
-13,2564
-8,2565
-4,2566
-4,2567
-4,2568
-4,2569
-4,2570
-4,2571
-4,2572
-4,2573
-4,2574
-4,2575
-4,2576
-4,2577
-4,2578
-4,2579
-4,2580
-4,2581
-4,2582
-13,2583
-13,2584
-4,2585
-4,2586
-4,2587
-4,2588
-4,2589
-4,2590
-4,2591
-4,2592
-4,2593
-4,2594
-4,2595
-4,2596
-4,2597
-4,2598
-4,2599
-4,2600
-4,2601
-4,2602
-4,2603
-4,2604
-4,2605
-4,2606
-4,2607
-4,2608
-4,2609
-4,2610
-4,2611
-4,2612
-4,2613
-4,2614
-4,2615
-4,2616
-4,2617
-4,2618
-4,2619
-4,2620
-4,2621
-4,2622
-4,2623
-4,2624
-4,2625
-4,2626
-4,2627
-4,2628
-4,2629
-4,2630
-4,2631
-4,2632
-4,2633
-4,2634
-4,2635
-4,2636
-4,2637
-4,2638
-4,2639
-4,2640
-4,2641
-4,2642
-4,2643
-4,2644
-4,2645
-4,2646
-9,2647
790,2648
-12,2649
-17,2650
-17,2651
-17,2652
-15,2653
-17,2654
-4,2655
-4,2656
-4,2657
-4,2658
-4,2659
-4,2660
-4,2661
-4,2662
-4,2663
-4,2664
-4,2665
-4,2666
-4,2667
-4,2668
-4,2669
-4,2670
-4,2671
-4,2672
-4,2673
-4,2674
-4,2675
-4,2676
-4,2677
-4,2678
-4,2679
-4,2680
-4,2681
-4,2682
-4,2683
-4,2684
-4,2685
-4,2686
-4,2687
-4,2688
-4,2689
-4,2690
-4,2691
-4,2692
-4,2693
-4,2694
-4,2695
-4,2696
-4,2697
-4,2698
-4,2699
-4,2700
-4,2701
-4,2702
-4,2703
-4,2704
-4,2705
-4,2706
-4,2707
-4,2708
-4,2709
-4,2710
-17,2711
-4,2712
-4,2713
-4,2714
-4,2715
-4,2716
-4,2717
-4,2718
-4,2719
-4,2720
-4,2721
-4,2722
-4,2723
-4,2724
-4,2725
-4,2726
-4,2727
-4,2728
-4,2729
-4,2730
-4,2731
-4,2732
-4,2733
-4,2734
-4,2735
-4,2736
-4,2737
-4,2738
-4,2739
-4,2740
-4,2741
-4,2742
-4,2743
-4,2744
-4,2745
-4,2746
-4,2747
-4,2748
-4,2749
-4,2750
-4,2751
-4,2752
-4,2753
-4,2754
-4,2755
-4,2756
-4,2757
-4,2758
-4,2759
-4,2760
-4,2761
-17,2762
-17,2763
-17,2764
-13,2765
-13,2766
1996,2767
1996,2768
-2,2769
1996,2770
-13,2771
-4,2772
-6,2773
-6,2774
-6,2775
-6,2776
-6,2777
-6,2778
-6,2779
-6,2780
-3,2781
-17,2782
-12,2783
-4,2784
-4,2785
-4,2786
-4,2787
-4,2788
-4,2789
-4,2790
-4,2791
-4,2792
-4,2793
-4,2794
-4,2795
-17,2796
-4,2797
-4,2798
-4,2799
-4,2800
-4,2801
-4,2802
-4,2803
-4,2804
-4,2805
-4,2806
1123,2807
-4,2808
-4,2809
-4,2810
-4,2811
-4,2812
-4,2813
-4,2814
-4,2815
-4,2816
-4,2817
1483,2818
1483,2819
976,2820
1253,2821
1815,2822
-4,2823
-4,2824
-2,2825
-4,2826
-4,2827
-4,2828
-4,2829
-13,2830
-12,2831
-4,2832
-17,2833
-17,2834
-4,2835
-4,2836
-4,2837
-4,2838
-4,2839
-4,2840
-4,2841
-4,2842
-4,2843
-4,2844
-4,2845
-4,2846
-12,2847
1996,2848
1128,2849
1128,2850
-9,2851
-13,2852
-13,2853
-13,2854
-13,2855
-4,2856
-4,2857
-4,2858
-4,2859
-4,2860
-4,2861
-4,2862
-4,2863
-4,2864
-4,2865
-4,2866
-4,2867
-4,2868
-4,2869
-4,2870
947,2871
-4,2872
-4,2873
-4,2874
-4,2875
-4,2876
-4,2877
-4,2878
-4,2879
-4,2880
-4,2881
-13,2882
-17,2883
-17,2884
-17,2885
-17,2886
-17,2887
-17,2888
-17,2889
-17,2890
-17,2891
-17,2892
-17,2893
-17,2894
-17,2895
-17,2896
-17,2897
-17,2898
-17,2899
-17,2900
2180,2901
-4,2902
-4,2903
-4,2904
-4,2905
-4,2906
2180,2907
2180,2908
2180,2909
2180,2910
2180,2911
2180,2912
2180,2913
2180,2914
2180,2915
2180,2916
-4,2917
-4,2918
-13,2919
-13,2920
-4,2921
-12,2922
-4,2923
-4,2924
-4,2925
-4,2926
-4,2927
-4,2928
-4,2929
-4,2930
2180,2931
2180,2932
2180,2933
2180,2934
-4,2935
-4,2936
-4,2937
-4,2938
-4,2939
-4,2940
-4,2941
-4,2942
-4,2943
-4,2944
-4,2945
-4,2946
-4,2947
-4,2948
-4,2949
-4,2950
-4,2951
-4,2952
-4,2953
-4,2954
-4,2955
-4,2956
-4,2957
-4,2958
-4,2959
-4,2960
-4,2961
-17,2962
-17,2963
-17,2964
-17,2965
-17,2966
-17,2967
-17,2968
-4,2969
-4,2970
-4,2971
-4,2972
-4,2973
-4,2974
-4,2975
-4,2976
-4,2977
-4,2978
-17,2979
-4,2980
-4,2981
-4,2982
-4,2983
-4,2984
-4,2985
-4,2986
-4,2987
-4,2988
-4,2989
-4,2990
-4,2991
-4,2992
-4,2993
-4,2994
-4,2995
-4,2996
-4,2997
-4,2998
-4,2999
-4,3000
-4,3001
-4,3002
-4,3003
-4,3004
-13,3005
-17,3006
-17,3007
-17,3008
-17,3009
-17,3010
-4,3011
-4,3012
-4,3013
-4,3014
-4,3015
-4,3016
-4,3017
-4,3018
-4,3019
-9,3020
-4,3021
-4,3022
-4,3023
-4,3024
-4,3025
-4,3026
-4,3027
-4,3028
-4,3029
-4,3030
-4,3031
-4,3032
-4,3033
-4,3034
-4,3035
-4,3036
-4,3037
-4,3038
-4,3039
-4,3040
-4,3041
-4,3042
-4,3043
-4,3044
-4,3045
-4,3046
-4,3047
-4,3048
-4,3049
-4,3050
-4,3051
-4,3052
-4,3053
-4,3054
-4,3055
-4,3056
-4,3057
-4,3058
-4,3059
-4,3060
-4,3061
-4,3062
-4,3063
-4,3064
-4,3065
-4,3066
-4,3067
-4,3068
-4,3069
-13,3070
-13,3071
-13,3072
1251,3073
2254,3074
-13,3075
-4,3076
-4,3077
-4,3078
-4,3079
-4,3080
-4,3081
-4,3082
-4,3083
-4,3084
-4,3085
-4,3086
-4,3087
-4,3088
-4,3089
-4,3090
-4,3091
-4,3092
-4,3093
-4,3094
-4,3095
-4,3096
-4,3097
-4,3098
-4,3099
-4,3100
-4,3101
-4,3102
-4,3103
-4,3104
-4,3105
-4,3106
-4,3107
-4,3108
-4,3109
-4,3110
-4,3111
-4,3112
-4,3113
-4,3114
-4,3115
-4,3116
-4,3117
-4,3118
-4,3119
-4,3120
-4,3121
-4,3122
-4,3123
-4,3124
-4,3125
-4,3126
-4,3127
-4,3128
-4,3129
-4,3130
-4,3131
-4,3132
-4,3133
-4,3134
-4,3135
-4,3136
-4,3137
-4,3138
-4,3139
-4,3140
-13,3141
-13,3142
-4,3143
-4,3144
-4,3145
-4,3146
-4,3147
-4,3148
-4,3149
-17,3150
-4,3151
-4,3152
-4,3153
-4,3154
-4,3155
-4,3156
-4,3157
-4,3158
-4,3159
-4,3160
-4,3161
-4,3162
-4,3163
-4,3164
-4,3165
-4,3166
-4,3167
-4,3168
-4,3169
-4,3170
-4,3171
-4,3172
-4,3173
-4,3174
-4,3175
-4,3176
-4,3177
-4,3178
-4,3179
-4,3180
-4,3181
-4,3182
-5,3183
-4,3184
-13,3185
-13,3186
-4,3187
-5,3188
-5,3189
-5,3190
-13,3191
-17,3192
-17,3193
-17,3194
-17,3195
-13,3196
-17,3197
-4,3198
-4,3199
-4,3200
-4,3201
-4,3202
2287,3203
2287,3204
2287,3205
-4,3206
-4,3207
-4,3208
-4,3209
-4,3210
-4,3211
-4,3212
-4,3213
-4,3214
-4,3215
1852,3216
1378,3217
-4,3218
-4,3219
-4,3220
-4,3221
-4,3222
-4,3223
-4,3224
-4,3225
-4,3226
-4,3227
-4,3228
-4,3229
-4,3230
-17,3231
-4,3232
-4,3233
-4,3234
-4,3235
-4,3236
-4,3237
-15,3238
-4,3239
-17,3240
-4,3241
-4,3242
-4,3243
-4,3244
-17,3245
-15,3246
-3,3247
-4,3248
-4,3249
-4,3250
-4,3251
-4,3252
-4,3253
-4,3254
-4,3255
-4,3256
-4,3257
-4,3258
-4,3259
-17,3260
-4,3261
-4,3262
-4,3263
-4,3264
-4,3265
-4,3266
-4,3267
-4,3268
-17,3269
2519,3270
-4,3271
-17,3272
-4,3273
-17,3274
-4,3275
-5,3276
-17,3277
-17,3278
-17,3279
-5,3280
-4,3281
-17,3282
-17,3283
-4,3284
-4,3285
-17,3286
-17,3287
-17,3288
-17,3289
-17,3290
-4,3291
-17,3292
-17,3293
-17,3294
-17,3295
-17,3296
-17,3297
-17,3298
-5,3299
-17,3300
-17,3301
-13,3302
-13,3303
-13,3304
-13,3305
-13,3306
1305,3307
-17,3308
-13,3309
-13,3310
1000,3311
1000,3312
-12,3313
2519,3314
-4,3315
-4,3316
-4,3317
-4,3318
-4,3319
-4,3320
-4,3321
-4,3322
-4,3323
-4,3324
-4,3325
-4,3326
-4,3327
-15,3328
-4,3329
-4,3330
-4,3331
-4,3332
-4,3333
2519,3334
-4,3335
-4,3336
-4,3337
-4,3338
-2,3339
-2,3340
-17,3341
-17,3342
-17,3343
-17,3344
-17,3345
-17,3346
-17,3347
-17,3348
-17,3349
-17,3350
-17,3351
-17,3352
-17,3353
-17,3354
-17,3355
-15,3356
-17,3357
-3,3358
-17,3359
-4,3360
-4,3361
-4,3362
-4,3363
-4,3364
-4,3365
-4,3366
-4,3367
-4,3368
-4,3369
-4,3370
-4,3371
-6,3372
-17,3373
-4,3374
-4,3375
-4,3376
-4,3377
-4,3378
-4,3379
-4,3380
-4,3381
-4,3382
-4,3383
-4,3384
-4,3385
-4,3386
-4,3387
-4,3388
-4,3389
-4,3390
-4,3391
-4,3392
-4,3393
-4,3394
-4,3395
-4,3396
-12,3397
-13,3398
-4,3399
-4,3400
-4,3401
-4,3402
-4,3403
-4,3404
-4,3405
-4,3406
-4,3407
-4,3408
-4,3409
-4,3410
2796,3411
-4,3412
-4,3413
-4,3414
-4,3415
-4,3416
-4,3417
-4,3418
-4,3419
-4,3420
-4,3421
-4,3422
-4,3423
-4,3424
-4,3425
-4,3426
-4,3427
-4,3428
-4,3429
-4,3430
-4,3431
-4,3432
-4,3433
-4,3434
2519,3435
-6,3436
-6,3437
-4,3438
-4,3439
-4,3440
-4,3441
-4,3442
-4,3443
-4,3444
-4,3445
-4,3446
-4,3447
-4,3448
-4,3449
-4,3450
-4,3451
-4,3452
-4,3453
-4,3454
-4,3455
-4,3456
-4,3457
-4,3458
-4,3459
-4,3460
-4,3461
1724,3462
1724,3463
1724,3464
-4,3465
-4,3466
-4,3467
-4,3468
-4,3469
2796,3470
2796,3471
2796,3472
-4,3473
-4,3474
-4,3475
-4,3476
-4,3477
-4,3478
-4,3479
-4,3480
-4,3481
-4,3482
-4,3483
-4,3484
-4,3485
-4,3486
-4,3487
-4,3488
-4,3489
-4,3490
-4,3491
-4,3492
-4,3493
-4,3494
-4,3495
-4,3496
-4,3497
-4,3498
-4,3499
-4,3500
-4,3501
-4,3502
-4,3503
-4,3504
-4,3505
-4,3506
-4,3507
-4,3508
-4,3509
-4,3510
-4,3511
-4,3512
-4,3513
-4,3514
-4,3515
-4,3516
-4,3517
-4,3518
-4,3519
-4,3520
-4,3521
-4,3522
-4,3523
-4,3524
-4,3525
-4,3526
-4,3527
-4,3528
-4,3529
-4,3530
-4,3531
-4,3532
-4,3533
-4,3534
-4,3535
-4,3536
-4,3537
-4,3538
-4,3539
-4,3540
-4,3541
-4,3542
-4,3543
-4,3544
-4,3545
-4,3546
-4,3547
-4,3548
-4,3549
-4,3550
-4,3551
-4,3552
-4,3553
-4,3554
-4,3555
-4,3556
-4,3557
-4,3558
-4,3559
-4,3560
-4,3561
-4,3562
-4,3563
-4,3564
-4,3565
-4,3566
-4,3567
-4,3568
-4,3569
-4,3570
-4,3571
-4,3572
-4,3573
-4,3574
-4,3575
-4,3576
-4,3577
-4,3578
-4,3579
-4,3580
-4,3581
-4,3582
-4,3583
-4,3584
-4,3585
-4,3586
-4,3587
-4,3588
-4,3589
-4,3590
-4,3591
-4,3592
-4,3593
-4,3594
-4,3595
-4,3596
-4,3597
-4,3598
-4,3599
-4,3600
-4,3601
-4,3602
-4,3603
-4,3604
-4,3605
-4,3606
-4,3607
-4,3608
-4,3609
-4,3610
-13,3611
-4,3612
-4,3613
-4,3614
-4,3615
-4,3616
-4,3617
-9,3618
-4,3619
-4,3620
-4,3621
-4,3622
-4,3623
-4,3624
-4,3625
-4,3626
-4,3627
-4,3628
-4,3629
-4,3630
-4,3631
-4,3632
-4,3633
-4,3634
1808,3635
-4,3636
-17,3637
2819,3638
2560,3639
2819,3640
-4,3641
-4,3642
-4,3643
-4,3644
-4,3645
-4,3646
-4,3647
-4,3648
-4,3649
-4,3650
-4,3651
-4,3652
-4,3653
-4,3654
-4,3655
-4,3656
623,3657
-17,3658
-4,3659
-4,3660
-13,3661
-4,3662
-4,3663
-4,3664
-4,3665
-4,3666
-4,3667
-4,3668
-4,3669
-13,3670
-4,3671
-4,3672
-4,3673
-4,3674
-4,3675
-4,3676
-4,3677
-4,3678
-4,3679
-4,3680
-4,3681
-4,3682
-4,3683
-4,3684
-4,3685
-4,3686
-4,3687
-4,3688
-4,3689
-4,3690
-4,3691
-4,3692
-13,3693
-3,3694
-4,3695
-4,3696
-4,3697
-4,3698
-4,3699
-4,3700
-4,3701
-4,3702
-17,3703
-4,3704
-4,3705
-4,3706
-4,3707
-4,3708
-4,3709
-4,3710
-4,3711
-4,3712
-4,3713
-17,3714
-4,3715
-4,3716
-4,3717
-4,3718
-4,3719
-17,3720
-4,3721
-13,3722
-4,3723
-4,3724
-4,3725
-4,3726
-4,3727
-4,3728
-4,3729
-4,3730
-4,3731
-4,3732
-4,3733
-4,3734
-4,3735
-4,3736
-4,3737
-4,3738
-4,3739
-4,3740
-4,3741
-4,3742
-4,3743
-4,3744
-4,3745
-4,3746
-4,3747
-4,3748
-4,3749
-4,3750
-4,3751
-4,3752
-4,3753
-4,3754
-4,3755
-4,3756
-4,3757
-4,3758
-4,3759
-4,3760
-4,3761
-4,3762
-4,3763
-4,3764
-4,3765
-4,3766
-4,3767
-4,3768
-4,3769
-4,3770
-4,3771
-4,3772
-4,3773
-4,3774
-4,3775
-4,3776
-4,3777
-4,3778
-4,3779
-4,3780
-4,3781
-4,3782
-4,3783
-4,3784
-4,3785
-4,3786
-4,3787
-4,3788
-4,3789
-4,3790
-4,3791
-2,3792
-4,3793
-13,3794
-13,3795
2519,3796
-4,3797
-4,3798
-4,3799
-4,3800
-4,3801
-4,3802
-4,3803
-4,3804
-4,3805
-4,3806
-4,3807
-4,3808
-4,3809
-4,3810
-4,3811
-4,3812
-4,3813
-4,3814
-4,3815
-4,3816
-4,3817
-4,3818
-4,3819
-4,3820
-4,3821
-4,3822
-4,3823
-4,3824
-4,3825
-4,3826
-4,3827
-4,3828
-4,3829
-4,3830
-4,3831
-4,3832
-4,3833
-4,3834
-4,3835
-4,3836
-4,3837
-4,3838
-4,3839
-4,3840
-4,3841
-4,3842
-4,3843
-4,3844
-4,3845
-4,3846
-4,3847
-4,3848
-4,3849
-4,3850
-4,3851
-4,3852
-4,3853
-4,3854
-4,3855
-4,3856
-4,3857
-4,3858
-4,3859
-4,3860
2415,3861
2415,3862
-15,3863
-4,3864
-4,3865
-4,3866
-4,3867
-4,3868
-4,3869
2254,3870
1816,3871
-4,3872
-4,3873
-4,3874
-4,3875
-4,3876
-4,3877
-4,3878
-4,3879
-4,3880
-4,3881
-4,3882
-4,3883
-4,3884
-4,3885
-4,3886
-4,3887
-4,3888
-4,3889
-4,3890
-4,3891
-4,3892
-4,3893
-4,3894
1460,3895
-4,3896
2254,3897
-4,3898
-4,3899
2254,3900
-4,3901
-4,3902
-4,3903
-4,3904
-4,3905
-4,3906
-4,3907
-4,3908
-4,3909
-4,3910
-4,3911
-13,3912
2710,3913
-4,3914
-4,3915
-4,3916
-4,3917
-4,3918
-4,3919
-4,3920
-4,3921
-4,3922
-4,3923
-4,3924
-4,3925
-4,3926
3007,3927
3007,3928
-4,3929
-4,3930
-4,3931
-4,3932
-4,3933
-4,3934
-4,3935
-4,3936
-4,3937
-4,3938
-4,3939
-4,3940
-4,3941
-4,3942
-4,3943
-4,3944
-4,3945
-4,3946
-4,3947
-4,3948
-4,3949
-4,3950
-4,3951
-4,3952
-4,3953
-4,3954
-4,3955
-4,3956
-4,3957
-4,3958
-4,3959
-4,3960
-4,3961
-4,3962
-4,3963
-4,3964
-4,3965
-4,3966
-4,3967
-4,3968
-4,3969
-4,3970
-4,3971
-2,3972
-2,3973
-2,3974
-2,3975
-2,3976
-6,3977
-4,3978
-4,3979
-4,3980
-4,3981
-4,3982
-4,3983
-4,3984
-4,3985
-4,3986
-4,3987
-15,3988
-4,3989
-4,3990
-4,3991
-9,3992
-3,3993
-4,3994
-9,3995
-9,3996
-13,3997
-13,3998
-13,3999
-6,4000
-13,4001
-13,4002
-13,4003
-13,4004
-13,4005
-4,4006
-13,4007
-13,4008
-13,4009
-4,4010
-4,4011
-4,4012
-4,4013
-4,4014
-4,4015
-4,4016
-4,4017
-4,4018
-4,4019
-4,4020
-4,4021
-4,4022
-4,4023
-4,4024
-4,4025
-4,4026
-4,4027
-4,4028
-4,4029
-4,4030
-4,4031
-4,4032
-4,4033
-4,4034
-4,4035
-4,4036
-4,4037
-4,4038
-4,4039
-4,4040
-4,4041
-4,4042
-4,4043
-4,4044
-4,4045
-4,4046
-4,4047
-4,4048
-4,4049
-4,4050
-4,4051
-4,4052
-4,4053
-4,4054
-4,4055
-4,4056
-4,4057
-4,4058
-4,4059
-4,4060
-4,4061
-4,4062
-4,4063
-4,4064
-4,4065
-4,4066
-4,4067
-4,4068
-4,4069
-4,4070
-4,4071
-4,4072
-4,4073
-4,4074
-13,4075
-13,4076
-4,4077
-4,4078
-13,4079
-2,4080
-13,4081
-12,4082
2819,4083
2819,4084
2415,4085
2415,4086
2415,4087
2415,4088
2415,4089
2819,4090
2819,4091
2819,4092
2560,4093
-17,4094
-17,4095
-9,4096
-15,4097
2939,4098
2939,4099
-17,4100
-4,4101
-4,4102
-4,4103
2936,4104
2936,4105
2936,4106
2936,4107
2936,4108
2936,4109
2641,4110
2641,4111
2641,4112
2641,4113
-4,4114
-4,4115
2641,4116
2641,4117
2641,4118
2641,4119
2641,4120
2939,4121
2939,4122
2939,4123
2939,4124
-4,4125
2939,4126
2939,4127
2939,4128
2939,4129
2939,4130
-4,4131
2939,4132
2939,4133
2939,4134
-4,4135
2608,4136
2608,4137
2608,4138
2608,4139
2608,4140
2608,4141
2608,4142
2608,4143
2608,4144
2608,4145
2608,4146
2608,4147
2608,4148
2608,4149
2608,4150
2608,4151
2608,4152
2612,4153
2612,4154
2612,4155
2612,4156
2612,4157
2612,4158
2612,4159
2612,4160
2612,4161
2612,4162
2612,4163
2612,4164
2612,4165
2612,4166
2612,4167
2612,4168
2612,4169
2612,4170
2612,4171
2612,4172
2612,4173
2612,4174
2612,4175
2612,4176
2612,4177
2612,4178
2612,4179
2612,4180
2612,4181
2612,4182
-4,4183
-13,4184
-5,4185
-4,4186
-4,4187
-4,4188
-4,4189
-4,4190
-4,4191
-4,4192
-4,4193
-4,4194
-4,4195
-4,4196
-4,4197
-4,4198
-4,4199
-4,4200
-4,4201
-4,4202
-4,4203
-4,4204
-4,4205
-4,4206
-4,4207
-4,4208
-4,4209
-4,4210
-4,4211
-4,4212
-4,4213
-4,4214
-4,4215
-4,4216
-4,4217
-4,4218
-4,4219
-15,4220
-4,4221
-4,4222
-4,4223
-4,4224
-4,4225
-4,4226
-4,4227
-4,4228
-4,4229
-4,4230
-4,4231
-4,4232
-4,4233
-4,4234
-4,4235
-4,4236
-4,4237
-4,4238
-4,4239
-4,4240
-4,4241
-4,4242
-4,4243
-4,4244
-4,4245
-4,4246
-4,4247
-4,4248
-4,4249
-4,4250
-4,4251
-4,4252
-4,4253
-4,4254
-4,4255
-4,4256
-4,4257
-4,4258
-4,4259
-4,4260
-4,4261
-4,4262
-4,4263
-4,4264
-4,4265
-4,4266
-4,4267
-4,4268
-4,4269
-4,4270
-4,4271
-4,4272
-4,4273
-4,4274
-4,4275
-4,4276
-4,4277
-4,4278
-4,4279
-4,4280
-4,4281
-4,4282
-4,4283
-4,4284
-4,4285
-4,4286
-4,4287
-4,4288
-4,4289
-4,4290
-4,4291
-4,4292
-4,4293
-4,4294
-4,4295
-4,4296
-4,4297
-4,4298
-4,4299
-4,4300
-4,4301
-4,4302
-4,4303
-4,4304
-4,4305
-4,4306
-4,4307
-4,4308
-4,4309
-4,4310
-4,4311
-4,4312
-4,4313
-17,4314
-17,4315
2834,4316
-15,4317
-9,4318
-9,4319
-9,4320
-4,4321
-4,4322
-4,4323
-4,4324
-4,4325
-4,4326
-4,4327
-4,4328
-4,4329
-4,4330
-4,4331
-4,4332
-4,4333
-4,4334
-9,4335
3313,4336
-17,4337
2418,4338
3862,4339
-13,4340
-13,4341
2834,4342
2834,4343
2834,4344
-13,4345
-9,4346
2894,4347
-4,4348
-13,4349
4184,4350
-4,4351
-4,4352
-4,4353
-4,4354
-4,4355
-4,4356
-4,4357
-4,4358
-4,4359
-4,4360
-4,4361
-4,4362
-4,4363
-4,4364
-4,4365
-2,4366
-4,4367
-4,4368
-4,4369
-4,4370
-4,4371
-4,4372
-4,4373
-4,4374
-4,4375
-4,4376
-4,4377
-4,4378
-4,4379
-4,4380
-4,4381
-4,4382
-4,4383
-4,4384
-4,4385
-4,4386
-4,4387
-4,4388
-4,4389
-4,4390
-4,4391
-4,4392
-4,4393
-4,4394
-4,4395
-4,4396
-4,4397
-4,4398
-4,4399
-4,4400
-4,4401
-4,4402
-4,4403
-4,4404
-4,4405
-4,4406
-4,4407
-4,4408
-4,4409
-4,4410
-4,4411
-4,4412
-4,4413
-4,4414
-4,4415
-4,4416
-4,4417
-4,4418
-4,4419
-4,4420
-4,4421
-4,4422
-4,4423
-4,4424
-4,4425
-4,4426
-4,4427
-4,4428
-4,4429
-4,4430
-4,4431
-4,4432
-4,4433
-4,4434
-4,4435
-4,4436
-4,4437
-4,4438
-4,4439
-4,4440
-4,4441
-4,4442
-4,4443
-4,4444
-4,4445
-17,4446
-4,4447
-4,4448
-4,4449
-4,4450
-4,4451
-4,4452
-4,4453
-4,4454
-4,4455
-4,4456
-4,4457
-4,4458
-4,4459
-4,4460
-4,4461
-4,4462
-4,4463
-4,4464
-4,4465
-4,4466
-4,4467
-4,4468
-4,4469
-4,4470
-4,4471
-4,4472
-4,4473
-4,4474
-4,4475
-4,4476
-4,4477
-4,4478
-4,4479
-4,4480
-4,4481
-4,4482
-4,4483
-4,4484
-4,4485
-17,4486
-4,4487
-4,4488
-4,4489
-4,4490
-4,4491
-4,4492
-9,4493
-4,4494
-4,4495
-4,4496
-4,4497
-4,4498
-4,4499
-4,4500
-4,4501
-4,4502
-4,4503
-4,4504
-4,4505
3238,4506
-4,4507
-4,4508
-4,4509
-4,4510
-4,4511
-4,4512
-4,4513
-4,4514
-4,4515
-4,4516
-4,4517
-4,4518
-4,4519
-4,4520
-4,4521
-4,4522
-17,4523
-4,4524
-4,4525
-4,4526
-4,4527
-4,4528
-4,4529
1942,4530
1942,4531
1942,4532
-17,4533
-4,4534
-4,4535
-4,4536
-4,4537
-4,4538
-4,4539
-4,4540
-9,4541
-4,4542
-4,4543
-4,4544
-4,4545
-4,4546
-4,4547
-4,4548
-4,4549
-4,4550
-4,4551
-4,4552
-4,4553
-4,4554
-4,4555
-4,4556
-4,4557
-4,4558
-4,4559
-4,4560
-4,4561
-4,4562
-4,4563
-4,4564
-4,4565
-4,4566
-4,4567
-4,4568
-4,4569
-4,4570
-4,4571
-4,4572
-4,4573
-4,4574
-4,4575
-13,4576
-13,4577
-4,4578
-4,4579
-4,4580
-4,4581
-4,4582
-4,4583
-4,4584
-4,4585
-4,4586
-4,4587
-4,4588
-4,4589
-4,4590
-4,4591
-4,4592
-4,4593
-4,4594
-4,4595
-4,4596
-4,4597
-4,4598
-4,4599
-4,4600
-4,4601
-4,4602
-4,4603
-4,4604
-4,4605
-4,4606
-4,4607
-4,4608
-4,4609
-4,4610
-4,4611
-4,4612
-4,4613
-4,4614
-4,4615
-4,4616
-4,4617
-4,4618
-4,4619
-4,4620
-4,4621
-4,4622
-4,4623
-4,4624
-4,4625
-4,4626
-4,4627
-4,4628
-4,4629
-4,4630
-4,4631
-4,4632
-4,4633
-4,4634
-4,4635
-4,4636
-4,4637
-4,4638
-4,4639
-4,4640
-4,4641
-4,4642
-4,4643
-4,4644
-4,4645
-4,4646
-4,4647
-4,4648
-4,4649
-4,4650
-4,4651
-4,4652
-4,4653
-4,4654
-4,4655
-4,4656
-4,4657
-4,4658
-4,4659
-4,4660
-4,4661
-4,4662
-4,4663
-4,4664
-4,4665
-4,4666
-4,4667
-4,4668
-4,4669
-4,4670
-4,4671
-4,4672
-4,4673
-4,4674
-4,4675
-4,4676
-4,4677
-4,4678
-4,4679
-4,4680
-4,4681
-4,4682
-4,4683
-4,4684
-4,4685
-4,4686
-4,4687
-4,4688
-4,4689
-4,4690
-4,4691
-4,4692
-4,4693
-4,4694
-4,4695
-4,4696
-4,4697
-4,4698
-4,4699
-4,4700
-4,4701
-4,4702
-4,4703
-4,4704
-4,4705
-4,4706
-4,4707
-4,4708
-4,4709
-4,4710
-4,4711
-4,4712
-4,4713
-4,4714
-4,4715
-4,4716
-4,4717
-4,4718
-4,4719
-4,4720
-4,4721
-4,4722
-4,4723
-4,4724
-4,4725
-4,4726
-4,4727
-4,4728
-4,4729
-4,4730
-4,4731
-4,4732
-4,4733
-4,4734
-4,4735
-4,4736
-4,4737
-4,4738
-4,4739
-4,4740
-4,4741
-4,4742
-4,4743
-4,4744
-4,4745
-4,4746
-4,4747
-4,4748
-4,4749
-4,4750
-4,4751
-4,4752
-4,4753
-4,4754
-4,4755
-4,4756
-4,4757
-4,4758
-4,4759
-4,4760
-4,4761
-4,4762
-4,4763
-4,4764
-4,4765
-4,4766
-4,4767
-4,4768
-4,4769
-4,4770
-4,4771
-4,4772
-4,4773
-4,4774
-4,4775
-4,4776
-4,4777
-4,4778
-4,4779
-4,4780
-4,4781
-4,4782
-4,4783
-4,4784
-4,4785
-4,4786
-4,4787
-4,4788
-4,4789
-4,4790
-4,4791
-4,4792
-4,4793
-4,4794
-4,4795
-4,4796
-4,4797
-4,4798
-4,4799
-4,4800
-4,4801
-4,4802
-4,4803
-4,4804
-4,4805
-4,4806
-4,4807
-4,4808
-4,4809
-4,4810
-4,4811
-4,4812
-4,4813
-4,4814
-4,4815
-4,4816
-4,4817
-4,4818
-4,4819
-4,4820
-2,4821
-2,4822
-2,4823
-2,4824
-2,4825
-2,4826
-2,4827
-2,4828
-2,4829
-2,4830
-2,4831
-2,4832
-2,4833
-2,4834
-4,4835
-2,4836
3862,4837
2417,4838
2417,4839
1485,4840
1485,4841
-12,4842
-12,4843
-12,4844
-12,4845
-4,4846
-17,4847
-15,4848
-12,4849
-12,4850
-12,4851
2334,4852
-17,4853
-17,4854
-17,4855
-17,4856
-17,4857
-17,4858
3270,4859
-4,4860
-4,4861
-4,4862
-13,4863
-13,4864
-4,4865
-4,4866
-4,4867
-4,4868
-4,4869
-4,4870
-4,4871
-4,4872
-4,4873
-4,4874
-4,4875
-4,4876
-4,4877
-4,4878
-4,4879
-4,4880
-4,4881
-4,4882
-4,4883
-4,4884
-4,4885
-4,4886
-4,4887
-4,4888
-4,4889
-4,4890
-4,4891
-4,4892
-4,4893
-4,4894
-4,4895
-4,4896
-4,4897
-4,4898
-4,4899
-4,4900
-4,4901
-4,4902
-4,4903
-4,4904
-4,4905
-4,4906
-4,4907
-4,4908
-4,4909
-4,4910
-4,4911
-4,4912
-4,4913
-4,4914
-4,4915
-4,4916
-4,4917
-4,4918
-4,4919
-4,4920
-4,4921
-4,4922
-4,4923
-4,4924
-4,4925
-4,4926
-4,4927
-4,4928
-4,4929
-4,4930
-4,4931
-4,4932
-4,4933
-4,4934
-4,4935
-4,4936
-4,4937
-4,4938
-4,4939
-4,4940
-4,4941
-4,4942
-4,4943
-4,4944
-4,4945
-4,4946
-4,4947
-4,4948
-4,4949
-4,4950
-4,4951
-4,4952
-4,4953
-4,4954
-4,4955
-4,4956
-4,4957
-4,4958
-4,4959
-4,4960
-4,4961
-4,4962
-4,4963
-4,4964
-4,4965
-4,4966
-4,4967
-4,4968
-4,4969
-4,4970
-4,4971
-4,4972
-4,4973
-4,4974
-4,4975
-4,4976
-4,4977
-4,4978
-4,4979
-4,4980
-4,4981
-4,4982
-4,4983
-4,4984
-4,4985
-4,4986
-4,4987
-4,4988
-4,4989
-4,4990
-4,4991
-4,4992
-4,4993
-4,4994
-4,4995
-4,4996
-4,4997
-4,4998
-4,4999
-4,5000
-4,5001
-4,5002
-4,5003
-17,5004
-4,5005
-4,5006
-4,5007
-4,5008
-4,5009
-2,5010
-2,5011
-4,5012
-2,5013
-17,5014
4079,5015
4079,5016
-17,5017
-3,5018
-4,5019
-4,5020
-4,5021
-3,5022
-4,5023
-4,5024
-4,5025
-4,5026
-4,5027
-4,5028
-4,5029
-4,5030
-4,5031
-4,5032
-4,5033
-4,5034
-4,5035
-4,5036
-4,5037
-4,5038
-4,5039
-4,5040
-4,5041
-4,5042
-4,5043
-4,5044
-4,5045
-4,5046
-4,5047
-4,5048
-4,5049
-4,5050
-4,5051
-4,5052
-4,5053
-4,5054
-4,5055
-4,5056
-4,5057
-4,5058
-4,5059
-4,5060
-4,5061
-4,5062
-4,5063
-17,5064
-17,5065
-17,5066
-5,5067
-17,5068
-5,5069
-5,5070
-5,5071
-8,5072
-5,5073
-17,5074
-4,5075
-4,5076
-4,5077
-4,5078
-4,5079
-4,5080
-4,5081
-4,5082
-4,5083
-5,5084
-5,5085
-4,5086
-3,5087
-4,5088
-4,5089
-4,5090
-4,5091
-4,5092
-4,5093
-4,5094
-4,5095
-4,5096
-4,5097
-4,5098
-4,5099
-4,5100
-4,5101
-4,5102
-4,5103
-4,5104
-4,5105
-4,5106
-4,5107
-4,5108
-4,5109
-4,5110
-4,5111
-4,5112
-4,5113
-4,5114
-4,5115
-4,5116
-4,5117
-4,5118
-4,5119
-4,5120
-4,5121
-4,5122
-4,5123
-4,5124
-4,5125
-4,5126
-4,5127
-4,5128
-4,5129
-4,5130
-4,5131
-4,5132
-4,5133
-4,5134
-4,5135
-4,5136
-4,5137
-4,5138
-4,5139
-4,5140
-4,5141
-4,5142
-4,5143
-4,5144
-4,5145
-4,5146
-4,5147
-4,5148
-4,5149
-4,5150
-4,5151
-4,5152
-4,5153
-4,5154
-4,5155
-4,5156
-4,5157
-4,5158
-4,5159
-4,5160
-4,5161
-4,5162
-4,5163
-4,5164
-4,5165
-4,5166
-4,5167
-4,5168
-4,5169
-4,5170
-4,5171
-4,5172
-4,5173
-4,5174
-4,5175
-4,5176
-4,5177
-4,5178
-4,5179
-4,5180
-4,5181
-4,5182
-4,5183
-4,5184
-4,5185
-4,5186
-4,5187
-4,5188
-4,5189
-4,5190
-4,5191
-4,5192
-4,5193
-4,5194
-4,5195
-4,5196
-4,5197
-4,5198
-4,5199
-4,5200
-4,5201
-4,5202
-4,5203
-4,5204
-4,5205
-4,5206
-4,5207
-4,5208
-4,5209
-4,5210
-4,5211
-4,5212
-4,5213
-4,5214
-4,5215
-4,5216
-4,5217
-4,5218
-4,5219
-4,5220
-4,5221
-4,5222
-17,5223
-4,5224
-4,5225
-4,5226
-4,5227
-4,5228
-4,5229
-4,5230
-4,5231
-4,5232
-4,5233
-4,5234
-4,5235
-4,5236
-4,5237
-4,5238
-5,5239
-5,5240
-4,5241
-4,5242
-4,5243
-4,5244
-4,5245
-4,5246
-4,5247
-4,5248
-4,5249
-4,5250
-4,5251
-4,5252
-4,5253
-4,5254
-4,5255
-4,5256
-4,5257
-4,5258
-4,5259
-4,5260
-4,5261
-4,5262
-4,5263
-4,5264
-4,5265
-4,5266
-4,5267
-4,5268
-4,5269
-4,5270
-4,5271
-4,5272
-4,5273
-4,5274
-4,5275
-4,5276
-4,5277
-4,5278
-4,5279
-4,5280
-4,5281
-4,5282
-4,5283
-4,5284
-4,5285
-4,5286
-4,5287
-4,5288
-4,5289
-4,5290
-4,5291
-4,5292
-4,5293
-4,5294
-4,5295
-4,5296
-4,5297
-4,5298
-2,5299
-17,5300
4093,5301
4093,5302
4093,5303
4093,5304
4093,5305
1247,5306
1247,5307
3637,5308
-17,5309
-17,5310
-2,5311
-17,5312
-17,5313
4839,5314
1247,5315
-5,5316
-5,5317
-5,5318
-5,5319
-5,5320
-15,5321
-5,5322
-5,5323
-15,5324
-13,5325
4006,5326
-12,5327
-12,5328
-12,5329
2652,5330
-12,5331
-12,5332
-12,5333
-12,5334
-12,5335
4317,5336
-9,5337
-9,5338
-9,5339
-13,5340
469,5341
-12,5342
-12,5343
-4,5344
-4,5345
-4,5346
-4,5347
-4,5348
-4,5349
-4,5350
-4,5351
-4,5352
-4,5353
-4,5354
-4,5355
-4,5356
-4,5357
-4,5358
-4,5359
-4,5360
-4,5361
-4,5362
-13,5363
-4,5364
-4,5365
-4,5366
-4,5367
-4,5368
-4,5369
-4,5370
-4,5371
-4,5372
-4,5373
4350,5374
4350,5375
4350,5376
-17,5377
-17,5378
-17,5379
-4,5380
3397,5381
-4,5382
-4,5383
-4,5384
-9,5385
5000,5386
-4,5387
-4,5388
-4,5389
-4,5390
-4,5391
-4,5392
-4,5393
-4,5394
-4,5395
-4,5396
-4,5397
-4,5398
-4,5399
-4,5400
-4,5401
-4,5402
-4,5403
-4,5404
-4,5405
-4,5406
-4,5407
-4,5408
-4,5409
-4,5410
-4,5411
-4,5412
-4,5413
-4,5414
-4,5415
-4,5416
-4,5417
-4,5418
-4,5419
-4,5420
-4,5421
-4,5422
-4,5423
-4,5424
-4,5425
-4,5426
5013,5427
5013,5428
-4,5429
-4,5430
-4,5431
-4,5432
-4,5433
2968,5434
-4,5435
-4,5436
-4,5437
-4,5438
-4,5439
-4,5440
-4,5441
-4,5442
-4,5443
-4,5444
-4,5445
-4,5446
-4,5447
-4,5448
-4,5449
-4,5450
-17,5451
-4,5452
-4,5453
-4,5454
-5,5455
-12,5456
-2,5457
-9,5458
-12,5459
4220,5460
4220,5461
4220,5462
5342,5463
2764,5464
2900,5465
2764,5466
4220,5467
-15,5468
4220,5469
4220,5470
4220,5471
2764,5472
2519,5473
-12,5474
-4,5475
-4,5476
-4,5477
-4,5478
-13,5479
-4,5480
-4,5481
-6,5482
-6,5483
-6,5484
-6,5485
-4,5486
-4,5487
-4,5488
-4,5489
-4,5490
-4,5491
-4,5492
-4,5493
-4,5494
-4,5495
-4,5496
-4,5497
-4,5498
-4,5499
-4,5500
-4,5501
-4,5502
-4,5503
-4,5504
-4,5505
-4,5506
-4,5507
-4,5508
-4,5509
-4,5510
-4,5511
-4,5512
-4,5513
-4,5514
-4,5515
-4,5516
-4,5517
-4,5518
-4,5519
-4,5520
-4,5521
-4,5522
-4,5523
-4,5524
-4,5525
-4,5526
-4,5527
-4,5528
-4,5529
-4,5530
2968,5531
-4,5532
-4,5533
-4,5534
-4,5535
-4,5536
-4,5537
-4,5538
-4,5539
-4,5540
-4,5541
-4,5542
-4,5543
-4,5544
-4,5545
-4,5546
-4,5547
-4,5548
-4,5549
-4,5550
-4,5551
-4,5552
-4,5553
-4,5554
-4,5555
-4,5556
-4,5557
2967,5558
1430,5559
-4,5560
-4,5561
-4,5562
-4,5563
-4,5564
-4,5565
-4,5566
-4,5567
-4,5568
-9,5569
-9,5570
-9,5571
-9,5572
-4,5573
-9,5574
4350,5575
4184,5576
4350,5577
4350,5578
4184,5579
4350,5580
-4,5581
-4,5582
-4,5583
-4,5584
-4,5585
-4,5586
-4,5587
-4,5588
-4,5589
-4,5590
-4,5591
-4,5592
-4,5593
-4,5594
-4,5595
-4,5596
-4,5597
-4,5598
-4,5599
-4,5600
-4,5601
-4,5602
-4,5603
-4,5604
-4,5605
-4,5606
-4,5607
-4,5608
-4,5609
-4,5610
-4,5611
-4,5612
-4,5613
-4,5614
-4,5615
-4,5616
-4,5617
-4,5618
-4,5619
-4,5620
-4,5621
-4,5622
-4,5623
-4,5624
-4,5625
-4,5626
-4,5627
-4,5628
-4,5629
-4,5630
-4,5631
-4,5632
-4,5633
-4,5634
-4,5635
-4,5636
-4,5637
-4,5638
-4,5639
-4,5640
-4,5641
-4,5642
-4,5643
-4,5644
-4,5645
-4,5646
-12,5647
-4,5648
-4,5649
-4,5650
-4,5651
-4,5652
-4,5653
-4,5654
-4,5655
-4,5656
-4,5657
-4,5658
-4,5659
-4,5660
-4,5661
-4,5662
-4,5663
-4,5664
-4,5665
-4,5666
-4,5667
-4,5668
-4,5669
-4,5670
-4,5671
-4,5672
-4,5673
-4,5674
-4,5675
-4,5676
-4,5677
-4,5678
-4,5679
-4,5680
-4,5681
-4,5682
-4,5683
-4,5684
-4,5685
-4,5686
-4,5687
-4,5688
-4,5689
-4,5690
-4,5691
-4,5692
-4,5693
-4,5694
-4,5695
-4,5696
-4,5697
-4,5698
-4,5699
-4,5700
-4,5701
-4,5702
-4,5703
-4,5704
-4,5705
-4,5706
-4,5707
-4,5708
-4,5709
-4,5710
-4,5711
-4,5712
-4,5713
-4,5714
-4,5715
-4,5716
-4,5717
-4,5718
-4,5719
-4,5720
-4,5721
-4,5722
-4,5723
-4,5724
-4,5725
-4,5726
-4,5727
-4,5728
-4,5729
-4,5730
-4,5731
-4,5732
-4,5733
-4,5734
-4,5735
-4,5736
-4,5737
-4,5738
-4,5739
-4,5740
-4,5741
-4,5742
-4,5743
-4,5744
-4,5745
-4,5746
-4,5747
-4,5748
-4,5749
-4,5750
-4,5751
-4,5752
-4,5753
-4,5754
-4,5755
-4,5756
-4,5757
-4,5758
-4,5759
-4,5760
-4,5761
-5,5762
-5,5763
-5,5764
-5,5765
-5,5766
-5,5767
-5,5768
-5,5769
-5,5770
-5,5771
-5,5772
-5,5773
-5,5774
-5,5775
-5,5776
-5,5777
-5,5778
-5,5779
-5,5780
-5,5781
-5,5782
-5,5783
-9,5784
4842,5785
4842,5786
-5,5787
-5,5788
-5,5789
-12,5790
2764,5791
4220,5792
4220,5793
4220,5794
2764,5795
3150,5796
-17,5797
4220,5798
4220,5799
4220,5800
-17,5801
2090,5802
2090,5803
2090,5804
2519,5805
-12,5806
5327,5807
-17,5808
2519,5809
5329,5810
5329,5811
5329,5812
-9,5813
-4,5814
-4,5815
-2,5816
3862,5817
3862,5818
3857,5819
3857,5820
3635,5821
3635,5822
3635,5823
-17,5824
-17,5825
-17,5826
-4,5827
-17,5828
-4,5829
-4,5830
-15,5831
-2,5832
-4,5833
-17,5834
-17,5835
-17,5836
-17,5837
-13,5838
-4,5839
-3,5840
-3,5841
-3,5842
-4,5843
-4,5844
-4,5845
-4,5846
-4,5847
-4,5848
-4,5849
-4,5850
-4,5851
-4,5852
-4,5853
-4,5854
-4,5855
-4,5856
-4,5857
-4,5858
-4,5859
-4,5860
-4,5861
-4,5862
-4,5863
-4,5864
-4,5865
-4,5866
-4,5867
-4,5868
-4,5869
-4,5870
-4,5871
-4,5872
-4,5873
-4,5874
-4,5875
-4,5876
-4,5877
-4,5878
-4,5879
-4,5880
-4,5881
-4,5882
-4,5883
-4,5884
-4,5885
-4,5886
-4,5887
-4,5888
-4,5889
-4,5890
-4,5891
-4,5892
-4,5893
-4,5894
-4,5895
-4,5896
-4,5897
-4,5898
-4,5899
-17,5900
-4,5901
-4,5902
-4,5903
-4,5904
-4,5905
-4,5906
-4,5907
-4,5908
-15,5909
-4,5910
-4,5911
-4,5912
-4,5913
-4,5914
-4,5915
-4,5916
-4,5917
-4,5918
-4,5919
-13,5920
-9,5921
-5,5922
-5,5923
-4,5924
-4,5925
5479,5926
5479,5927
5479,5928
-4,5929
-4,5930
-4,5931
-4,5932
-4,5933
-4,5934
-4,5935
-4,5936
-4,5937
-4,5938
-4,5939
-4,5940
-4,5941
-4,5942
-4,5943
-4,5944
-4,5945
-4,5946
-4,5947
-4,5948
-4,5949
-4,5950
-4,5951
-4,5952
-4,5953
-4,5954
-12,5955
5576,5956
-17,5957
-4,5958
-4,5959
-4,5960
-4,5961
-4,5962
-13,5963
-4,5964
-4,5965
-4,5966
-4,5967
-4,5968
-13,5969
-12,5970
-17,5971
-13,5972
-4,5973
-4,5974
-4,5975
-4,5976
-4,5977
-4,5978
-4,5979
-4,5980
-4,5981
-4,5982
-4,5983
-4,5984
-4,5985
-4,5986
-4,5987
-4,5988
-4,5989
5434,5990
5434,5991
-4,5992
-9,5993
-4,5994
-12,5995
-12,5996
-4,5997
3197,5998
-5,5999
-12,6000
-12,6001
4846,6002
4846,6003
-12,6004
-12,6005
-17,6006
-12,6007
-12,6008
3435,6009
-4,6010
-4,6011
-4,6012
-4,6013
-4,6014
-12,6015
4220,6016
-12,6017
-12,6018
-12,6019
-12,6020
-12,6021
-12,6022
-12,6023
-13,6024
-12,6025
-12,6026
-12,6027
-17,6028
-12,6029
2180,6030
2180,6031
2180,6032
2180,6033
-12,6034
-9,6035
-12,6036
-4,6037
-12,6038
-4,6039
1485,6040
-17,6041
-4,6042
-4,6043
-4,6044
-4,6045
-4,6046
-4,6047
-4,6048
-4,6049
-4,6050
-4,6051
-4,6052
-4,6053
-4,6054
-4,6055
-4,6056
-4,6057
-4,6058
-4,6059
-4,6060
-4,6061
-4,6062
-4,6063
-4,6064
-4,6065
-4,6066
-4,6067
-4,6068
-4,6069
-4,6070
-4,6071
-4,6072
-4,6073
-4,6074
-4,6075
-4,6076
-4,6077
-4,6078
-4,6079
-4,6080
-4,6081
-4,6082
-4,6083
-4,6084
-4,6085
-4,6086
-4,6087
-4,6088
-4,6089
-4,6090
-4,6091
-4,6092
-4,6093
-4,6094
-4,6095
-4,6096
-4,6097
-4,6098
-4,6099
-4,6100
-4,6101
-4,6102
-4,6103
-4,6104
-4,6105
-4,6106
-4,6107
-4,6108
-4,6109
-4,6110
-4,6111
-4,6112
-4,6113
5011,6114
5011,6115
5011,6116
5011,6117
4186,6118
-4,6119
-17,6120
-4,6121
-4,6122
-4,6123
-4,6124
-4,6125
-4,6126
-4,6127
-12,6128
-12,6129
-17,6130
-17,6131
5327,6132
-12,6133
-9,6134
3360,6135
3360,6136
4337,6137
4337,6138
4337,6139
2822,6140
-4,6141
-4,6142
-4,6143
-4,6144
-4,6145
-4,6146
-4,6147
-4,6148
-15,6149
-17,6150
4837,6151
4837,6152
4837,6153
4837,6154
-6,6155
-6,6156
-6,6157
4837,6158
-15,6159
-17,6160
-17,6161
-12,6162
-12,6163
-9,6164
-12,6165
-4,6166
-4,6167
-4,6168
-15,6169
-17,6170
-9,6171
-17,6172
-4,6173
-4,6174
-4,6175
-4,6176
-4,6177
-4,6178
-4,6179
-4,6180
-4,6181
-4,6182
-4,6183
-4,6184
-4,6185
-4,6186
-4,6187
-4,6188
-4,6189
-4,6190
-4,6191
-9,6192
-4,6193
-4,6194
-4,6195
2423,6196
-17,6197
-17,6198
-17,6199
-12,6200
-17,6201
-17,6202
-17,6203
-4,6204
-4,6205
3074,6206
-15,6207
-4,6208
-4,6209
-4,6210
-4,6211
-4,6212
-4,6213
-4,6214
-4,6215
-4,6216
-4,6217
-4,6218
-4,6219
-4,6220
-4,6221
-17,6222
-4,6223
-4,6224
-4,6225
-4,6226
-4,6227
-4,6228
-17,6229
-17,6230
-4,6231
-4,6232
-4,6233
-4,6234
-4,6235
-4,6236
-4,6237
-4,6238
-4,6239
-4,6240
-4,6241
-4,6242
-4,6243
-4,6244
-17,6245
-15,6246
-4,6247
-4,6248
-4,6249
-4,6250
-4,6251
-15,6252
-13,6253
-12,6254
-12,6255
-12,6256
-12,6257
-4,6258
-4,6259
5970,6260
5969,6261
-13,6262
-9,6263
-4,6264
-4,6265
-4,6266
-13,6267
-3,6268
-13,6269
-4,6270
-4,6271
-4,6272
-4,6273
-4,6274
-4,6275
-4,6276
-4,6277
-13,6278
-9,6279
-5,6280
-4,6281
-15,6282
-5,6283
-4,6284
-5,6285
-5,6286
-5,6287
-5,6288
-5,6289
-5,6290
-5,6291
-5,6292
-5,6293
-5,6294
-5,6295
-5,6296
-4,6297
-4,6298
-4,6299
-4,6300
-4,6301
-4,6302
-4,6303
-4,6304
-17,6305
-17,6306
-15,6307
5909,6308
5910,6309
-4,6310
-4,6311
-4,6312
-4,6313
-4,6314
-4,6315
-4,6316
-4,6317
-4,6318
-4,6319
-4,6320
-4,6321
-4,6322
-15,6323
-4,6324
-15,6325
-4,6326
-4,6327
-4,6328
-4,6329
-4,6330
-4,6331
-4,6332
-4,6333
-4,6334
-4,6335
-4,6336
-4,6337
-4,6338
-4,6339
-4,6340
-4,6341
-4,6342
-4,6343
-4,6344
-4,6345
-4,6346
-4,6347
-4,6348
-4,6349
-4,6350
-4,6351
-4,6352
-4,6353
-4,6354
-4,6355
-4,6356
-4,6357
-4,6358
5451,6359
-12,6360
-17,6361
-17,6362
-15,6363
-17,6364
-17,6365
-17,6366
-12,6367
-12,6368
-12,6369
-15,6370
-12,6371
-17,6372
-15,6373
-12,6374
-12,6375
-15,6376
-12,6377
5329,6378
-12,6379
4851,6380
-12,6381
-12,6382
-12,6383
4855,6384
4856,6385
-15,6386
-12,6387
-4,6388
-17,6389
-17,6390
4004,6391
4004,6392
4845,6393
-12,6394
-17,6395
-17,6396
-17,6397
-17,6398
-12,6399
5813,6400
5813,6401
5813,6402
5813,6403
5813,6404
5813,6405
4337,6406
4337,6407
4337,6408
-12,6409
2830,6410
-17,6411
2830,6412
2830,6413
-4,6414
-4,6415
5577,6416
5577,6417
5577,6418
4184,6419
5579,6420
-4,6421
-4,6422
4350,6423
4184,6424
4350,6425
4184,6426
4350,6427
4184,6428
4350,6429
4350,6430
4350,6431
4184,6432
4350,6433
4350,6434
4350,6435
4350,6436
4350,6437
-17,6438
-4,6439
-4,6440
-4,6441
-4,6442
-4,6443
4350,6444
4350,6445
4350,6446
4350,6447
4350,6448
4350,6449
4184,6450
4350,6451
4350,6452
4350,6453
4184,6454
4184,6455
4350,6456
4350,6457
4184,6458
4350,6459
4184,6460
4350,6461
4350,6462
4350,6463
4184,6464
4184,6465
4350,6466
4184,6467
4184,6468
4350,6469
4350,6470
-12,6471
-12,6472
4350,6473
5578,6474
4184,6475
-4,6476
-4,6477
-4,6478
4350,6479
4184,6480
4184,6481
4350,6482
4184,6483
4350,6484
4350,6485
4350,6486
4350,6487
4350,6488
4350,6489
5957,6490
4350,6491
4350,6492
4350,6493
4350,6494
5575,6495
5575,6496
5576,6497
5576,6498
5576,6499
5575,6500
5575,6501
5575,6502
5576,6503
5576,6504
5579,6505
5580,6506
5580,6507
5580,6508
5580,6509
5580,6510
5374,6511
5376,6512
-15,6513
-17,6514
-17,6515
-17,6516
-4,6517
-4,6518
-4,6519
5969,6520
6222,6521
-13,6522
6222,6523
5972,6524
5972,6525
5972,6526
5828,6527
5828,6528
5828,6529
5828,6530
5828,6531
-4,6532
6257,6533
6257,6534
6257,6535
6257,6536
6257,6537
6257,6538
6257,6539
-12,6540
-15,6541
6169,6542
6169,6543
6169,6544
-4,6545
-12,6546
-12,6547
-13,6548
4848,6549
-17,6550
5329,6551
-12,6552
-12,6553
5335,6554
5335,6555
-12,6556
-12,6557
-12,6558
-12,6559
-17,6560
-13,6561
-13,6562
-12,6563
-12,6564
-12,6565
6368,6566
6368,6567
6368,6568
-17,6569
-15,6570
-6,6571
6171,6572
6171,6573
6171,6574
5819,6575
5819,6576
6040,6577
-9,6578
-9,6579
-9,6580
-4,6581
-4,6582
-4,6583
-4,6584
-4,6585
-2,6586
-2,6587
-2,6588
-12,6589
-5,6590
-5,6591
-5,6592
-5,6593
-5,6594
-5,6595
-5,6596
-4,6597
-4,6598
-4,6599
-5,6600
-5,6601
-5,6602
-5,6603
-5,6604
-5,6605
-5,6606
-5,6607
-5,6608
-5,6609
-5,6610
-5,6611
-5,6612
-5,6613
-5,6614
-5,6615
-5,6616
-5,6617
-4,6618
-4,6619
-4,6620
-4,6621
-4,6622
-4,6623
-4,6624
-4,6625
-4,6626
6307,6627
6307,6628
-4,6629
-4,6630
-4,6631
-4,6632
-4,6633
-4,6634
-4,6635
-4,6636
-4,6637
-4,6638
-4,6639
-4,6640
-4,6641
-4,6642
-4,6643
-4,6644
-4,6645
-4,6646
-4,6647
-4,6648
-4,6649
-4,6650
-4,6651
-4,6652
-4,6653
-4,6654
-4,6655
-4,6656
-4,6657
-4,6658
-4,6659
-4,6660
-4,6661
-4,6662
-4,6663
-4,6664
-4,6665
-4,6666
-4,6667
-4,6668
-4,6669
-4,6670
-4,6671
-4,6672
-4,6673
-4,6674
-4,6675
-4,6676
-4,6677
-4,6678
-4,6679
-4,6680
-4,6681
-4,6682
-4,6683
-4,6684
NA,6685
6436,6686
-12,6687
4184,6688
4184,6689
4184,6690
4184,6691
6458,6692
6458,6693
6435,6694
-17,6695
-17,6696
-17,6697
-4,6698
-4,6699
-4,6700
-4,6701
-4,6702
-4,6703
-4,6704
-4,6705
-4,6706
-4,6707
-4,6708
-4,6709
-4,6710
-4,6711
-4,6712
-4,6713
-4,6714
-4,6715
-4,6716
-4,6717
-4,6718
-4,6719
-4,6720
-4,6721
-4,6722
-4,6723
-4,6724
-4,6725
-4,6726
-4,6727
-4,6728
-4,6729
-4,6730
-4,6731
-4,6732
-9,6733
-4,6734
-4,6735
-4,6736
-4,6737
-4,6738
-4,6739
-4,6740
-4,6741
-4,6742
-4,6743
-4,6744
-4,6745
-4,6746
-4,6747
-4,6748
-4,6749
-4,6750
-4,6751
-4,6752
-4,6753
-4,6754
-4,6755
-4,6756
-4,6757
-4,6758
-4,6759
-4,6760
-4,6761
-4,6762
-4,6763
-4,6764
-4,6765
-4,6766
-4,6767
-4,6768
-4,6769
-4,6770
-4,6771
5900,6772
-4,6773
-4,6774
-4,6775
-4,6776
-4,6777
-4,6778
-4,6779
-4,6780
-4,6781
-4,6782
-4,6783
-4,6784
-4,6785
-4,6786
-4,6787
-4,6788
-4,6789
-4,6790
-4,6791
-4,6792
-4,6793
-4,6794
-4,6795
-4,6796
-4,6797
-4,6798
-4,6799
-4,6800
-4,6801
-4,6802
-4,6803
-4,6804
-15,6805
-17,6806
-4,6807
-4,6808
-4,6809
2423,6810
-4,6811
-4,6812
-4,6813
-4,6814
-4,6815
-4,6816
-4,6817
-4,6818
-4,6819
-4,6820
-4,6821
-4,6822
-4,6823
-4,6824
-4,6825
-2,6826
-4,6827
-9,6828
-4,6829
-4,6830
-4,6831
6252,6832
5970,6833
5970,6834
5970,6835
5970,6836
5970,6837
6222,6838
-15,6839
-12,6840
5970,6841
5970,6842
-4,6843
-5,6844
-5,6845
4526,6846
-5,6847
-4,6848
-4,6849
-4,6850
-13,6851
-4,6852
-4,6853
-4,6854
-17,6855
-12,6856
-17,6857
-13,6858
-13,6859
-4,6860
-17,6861
-13,6862
-17,6863
-4,6864
-17,6865
-17,6866
6162,6867
6162,6868
6162,6869
6162,6870
6162,6871
6163,6872
-17,6873
5327,6874
-17,6875
-15,6876
5801,6877
-12,6878
-12,6879
4220,6880
4220,6881
-9,6882
-17,6883
-17,6884
-17,6885
-12,6886
-17,6887
-17,6888
-17,6889
-12,6890
-12,6891
-12,6892
-4,6893
-13,6894
-12,6895
-17,6896
-17,6897
-12,6898
-17,6899
-17,6900
-15,6901
-6,6902
6171,6903
6171,6904
6171,6905
-13,6906
-12,6907
-12,6908
-5,6909
-9,6910
-4,6911
-17,6912
-13,6913
-4,6914
-4,6915
-4,6916
-4,6917
-4,6918
-4,6919
-4,6920
-4,6921
-4,6922
-4,6923
-4,6924
-4,6925
-4,6926
-4,6927
-4,6928
-4,6929
-4,6930
-4,6931
-4,6932
-4,6933
-4,6934
-4,6935
-4,6936
-4,6937
-4,6938
-4,6939
-4,6940
-4,6941
-4,6942
-4,6943
-4,6944
-4,6945
-4,6946
-4,6947
-4,6948
-4,6949
-4,6950
-4,6951
-4,6952
-4,6953
-4,6954
-4,6955
-15,6956
4362,6957
-4,6958
-4,6959
4377,6960
-4,6961
-4,6962
-4,6963
-4,6964
-4,6965
-4,6966
-4,6967
-4,6968
-4,6969
-4,6970
4381,6971
-4,6972
-15,6973
-5,6974
-4,6975
-4,6976
5900,6977
5900,6978
5900,6979
-17,6980
-4,6981
-4,6982
-4,6983
-17,6984
-4,6985
-4,6986
-17,6987
-4,6988
-4,6989
-4,6990
6458,6991
-17,6992
6435,6993
6467,6994
6467,6995
6467,6996
-17,6997
6416,6998
-13,6999
-17,7000
5066,7001
-5,7002
-5,7003
-5,7004
-5,7005
-5,7006
-5,7007
-5,7008
-5,7009
-5,7010
-5,7011
-5,7012
-5,7013
-5,7014
-5,7015
-5,7016
-5,7017
-5,7018
-5,7019
-5,7020
-5,7021
-5,7022
-5,7023
-4,7024
5451,7025
2439,7026
-13,7027
-4,7028
-4,7029
-17,7030
5004,7031
-13,7032
-6,7033
6255,7034
6269,7035
-9,7036
6222,7037
6222,7038
6222,7039
6222,7040
6222,7041
6222,7042
6222,7043
6222,7044
6222,7045
6222,7046
6222,7047
6222,7048
6222,7049
6222,7050
6222,7051
6222,7052
6222,7053
6222,7054
6222,7055
6222,7056
6222,7057
6222,7058
-4,7059
6222,7060
6255,7061
6255,7062
-4,7063
-4,7064
-4,7065
-17,7066
-17,7067
-12,7068
-4,7069
-4,7070
-4,7071
-4,7072
-4,7073
-4,7074
-4,7075
-4,7076
-4,7077
-4,7078
-4,7079
-4,7080
-4,7081
-4,7082
-4,7083
-4,7084
-4,7085
-4,7086
-4,7087
-4,7088
-4,7089
-9,7090
-9,7091
-9,7092
6472,7093
-9,7094
-9,7095
5379,7096
-12,7097
-12,7098
-12,7099
-12,7100
-13,7101
-12,7102
-4,7103
-15,7104
-15,7105
-12,7106
-4,7107
-4,7108
-4,7109
-4,7110
-4,7111
-4,7112
-4,7113
-4,7114
-4,7115
-4,7116
-4,7117
-4,7118
-4,7119
-4,7120
-4,7121
-4,7122
-4,7123
-4,7124
-4,7125
-4,7126
-4,7127
-5,7128
-4,7129
-4,7130
-4,7131
-4,7132
-4,7133
-4,7134
-4,7135
-4,7136
-4,7137
-4,7138
-4,7139
4486,7140
4486,7141
-13,7142
-13,7143
-13,7144
-4,7145
-4,7146
-17,7147
-17,7148
-12,7149
-4,7150
-4,7151
-4,7152
-4,7153
-4,7154
-4,7155
-4,7156
-4,7157
-4,7158
-17,7159
-4,7160
-4,7161
-17,7162
-4,7163
-4,7164
-4,7165
-4,7166
-17,7167
-17,7168
-9,7169
-4,7170
-4,7171
-2,7172
-9,7173
-17,7174
-12,7175
-17,7176
5335,7177
6014,7178
-4,7179
-17,7180
-17,7181
-9,7182
-17,7183
-12,7184
-12,7185
-17,7186
-17,7187
-17,7188
-12,7189
-12,7190
-12,7191
-12,7192
-4,7193
-4,7194
-4,7195
-12,7196
-12,7197
-4,7198
-12,7199
-4,7200
-12,7201
-4,7202
-12,7203
-15,7204
-2,7205
6881,7206
-12,7207
-15,7208
-12,7209
-12,7210
5823,7211
5824,7212
2830,7213
6245,7214
-9,7215
-13,7216
-12,7217
-12,7218
-9,7219
-12,7220
-17,7221
-17,7222
-13,7223
-4,7224
6389,7225
-17,7226
-17,7227
-12,7228
-15,7229
2519,7230
2519,7231
6361,7232
6361,7233
-12,7234
3912,7235
3912,7236
3912,7237
7229,7238
7229,7239
-17,7240
7214,7241
7214,7242
-12,7243
-12,7244
-17,7245
-17,7246
-17,7247
-12,7248
-17,7249
-12,7250
-12,7251
-12,7252
-15,7253
-15,7254
-15,7255
-15,7256
-12,7257
-12,7258
-12,7259
-9,7260
-17,7261
-12,7262
6038,7263
6139,7264
-4,7265
-4,7266
-4,7267
-4,7268
-4,7269
6149,7270
6149,7271
5813,7272
-4,7273
-4,7274
-4,7275
-4,7276
-4,7277
-4,7278
-4,7279
-4,7280
-4,7281
5920,7282
5920,7283
5920,7284
-4,7285
-4,7286
-4,7287
-4,7288
-4,7289
-4,7290
-4,7291
-4,7292
-5,7293
-5,7294
-5,7295
-5,7296
-5,7297
-5,7298
-5,7299
-5,7300
-5,7301
-5,7302
-5,7303
-5,7304
-5,7305
-5,7306
-5,7307
-5,7308
-5,7309
-5,7310
-5,7311
-5,7312
-5,7313
-5,7314
-5,7315
-5,7316
-5,7317
-5,7318
-5,7319
-5,7320
-5,7321
-5,7322
-5,7323
-5,7324
-5,7325
-5,7326
-5,7327
-5,7328
-5,7329
-5,7330
-5,7331
-5,7332
-5,7333
-5,7334
-5,7335
-5,7336
-5,7337
-5,7338
-5,7339
-5,7340
-5,7341
-5,7342
-5,7343
-5,7344
-5,7345
-5,7346
-5,7347
-5,7348
-5,7349
-5,7350
-4,7351
-4,7352
-12,7353
-5,7354
-5,7355
-5,7356
-5,7357
-5,7358
-5,7359
-5,7360
-5,7361
-5,7362
-5,7363
-5,7364
-5,7365
-5,7366
-5,7367
-5,7368
-5,7369
-5,7370
-5,7371
4539,7372
-4,7373
-13,7374
-4,7375
-4,7376
-4,7377
6835,7378
6835,7379
6835,7380
6835,7381
6836,7382
-4,7383
6255,7384
-3,7385
-4,7386
-4,7387
-4,7388
-12,7389
-4,7390
-4,7391
-4,7392
-12,7393
-15,7394
-12,7395
-12,7396
-4,7397
6466,7398
-12,7399
6466,7400
-17,7401
-17,7402
-12,7403
-17,7404
7404,7405
-17,7406
-17,7407
-12,7408
-17,7409
-17,7410
-13,7411
-12,7412
-17,7413
-12,7414
7413,7415
7413,7416
-12,7417
7413,7418
7413,7419
-12,7420
-12,7421
6496,7422
6496,7423
-17,7424
6496,7425
6483,7426
6456,7427
-4,7428
5573,7429
6453,7430
6453,7431
6453,7432
6453,7433
6453,7434
6479,7435
-17,7436
-17,7437
6494,7438
6687,7439
-12,7440
5955,7441
5955,7442
5955,7443
5955,7444
-17,7445
5955,7446
-12,7447
5955,7448
-12,7449
-12,7450
-13,7451
-12,7452
5835,7453
-12,7454
-4,7455
-4,7456
-17,7457
-13,7458
-17,7459
-17,7460
-4,7461
-4,7462
-4,7463
-13,7464
-4,7465
-4,7466
-4,7467
-4,7468
-4,7469
-4,7470
-4,7471
-4,7472
-4,7473
-4,7474
-4,7475
-4,7476
-4,7477
-4,7478
-4,7479
-4,7480
-4,7481
-4,7482
-4,7483
-4,7484
-4,7485
-4,7486
-4,7487
-4,7488
-4,7489
-4,7490
-4,7491
-4,7492
-4,7493
-4,7494
-4,7495
-4,7496
-4,7497
-4,7498
-4,7499
-4,7500
-4,7501
-4,7502
-4,7503
-4,7504
-4,7505
-4,7506
6987,7507
-17,7508
-4,7509
6768,7510
-17,7511
-17,7512
-5,7513
-5,7514
-5,7515
5900,7516
-4,7517
-4,7518
-4,7519
-4,7520
-4,7521
-4,7522
6323,7523
-17,7524
-4,7525
-4,7526
-4,7527
-4,7528
-4,7529
-4,7530
-12,7531
-4,7532
-4,7533
-4,7534
-4,7535
-4,7536
-4,7537
6222,7538
6834,7539
6834,7540
6834,7541
6834,7542
6834,7543
6834,7544
6834,7545
-4,7546
-12,7547
-4,7548
-4,7549
-4,7550
-4,7551
-4,7552
-13,7553
-5,7554
-5,7555
6282,7556
6282,7557
6282,7558
6284,7559
-4,7560
5765,7561
-9,7562
-4,7563
-4,7564
-4,7565
-4,7566
5451,7567
-4,7568
-4,7569
-4,7570
6149,7571
6149,7572
-15,7573
-4,7574
6575,7575
-12,7576
-4,7577
-17,7578
-4,7579
-4,7580
-4,7581
-12,7582
-12,7583
5996,7584
5996,7585
-12,7586
-15,7587
-17,7588
-17,7589
-17,7590
6164,7591
7217,7592
6546,7593
6169,7594
6169,7595
-12,7596
-12,7597
6001,7598
6547,7599
6163,7600
6163,7601
6163,7602
6163,7603
-12,7604
-15,7605
5801,7606
-2,7607
-15,7608
-15,7609
-12,7610
-15,7611
-12,7612
-15,7613
-15,7614
-15,7615
-15,7616
-15,7617
-15,7618
7259,7619
-12,7620
-12,7621
2030,7622
-15,7623
-12,7624
-15,7625
-15,7626
7259,7627
-12,7628
-12,7629
-17,7630
-15,7631
-17,7632
-12,7633
-15,7634
-15,7635
-15,7636
-4,7637
-4,7638
-4,7639
-4,7640
-4,7641
-4,7642
-4,7643
-4,7644
-4,7645
-4,7646
-4,7647
-4,7648
-4,7649
-4,7650
-4,7651
-4,7652
-4,7653
-4,7654
-4,7655
-4,7656
-4,7657
-4,7658
-4,7659
-4,7660
-4,7661
-4,7662
-4,7663
-4,7664
-4,7665
-4,7666
-4,7667
-4,7668
-4,7669
-4,7670
-4,7671
-4,7672
-4,7673
-4,7674
-4,7675
-4,7676
-4,7677
-4,7678
-17,7679
-4,7680
-4,7681
-4,7682
-4,7683
-4,7684
-4,7685
-4,7686
-4,7687
-4,7688
-4,7689
-4,7690
-3,7691
-4,7692
-4,7693
-4,7694
-4,7695
-4,7696
-17,7697
-4,7698
-4,7699
-4,7700
-4,7701
-4,7702
-4,7703
-17,7704
6453,7705
6494,7706
-4,7707
-4,7708
-4,7709
-17,7710
-4,7711
-17,7712
-4,7713
-4,7714
-12,7715
-12,7716
-4,7717
-4,7718
-4,7719
-4,7720
-4,7721
-4,7722
-4,7723
-17,7724
-4,7725
-17,7726
6458,7727
6458,7728
6458,7729
7398,7730
6447,7731
-12,7732
-17,7733
-17,7734
-4,7735
-4,7736
-4,7737
-4,7738
-4,7739
-4,7740
-4,7741
-4,7742
-4,7743
-4,7744
-4,7745
-5,7746
-5,7747
-5,7748
-5,7749
-5,7750
-5,7751
6618,7752
6618,7753
-5,7754
-5,7755
-5,7756
-5,7757
-5,7758
-5,7759
-5,7760
-5,7761
-5,7762
-5,7763
-5,7764
-5,7765
-5,7766
-5,7767
-5,7768
4219,7769
-4,7770
4369,7771
-4,7772
-4,7773
-4,7774
-4,7775
-2,7776
-6,7777
7573,7778
7777,7779
-4,7780
-12,7781
6856,7782
6856,7783
6856,7784
6139,7785
6137,7786
6137,7787
6137,7788
6137,7789
6137,7790
6137,7791
-17,7792
7261,7793
7262,7794
7262,7795
7262,7796
7262,7797
7263,7798
7263,7799
7263,7800
-9,7801
2830,7802
-6,7803
-12,7804
-12,7805
-13,7806
-12,7807
-9,7808
-17,7809
-17,7810
6540,7811
6540,7812
6540,7813
-17,7814
-17,7815
-12,7816
-12,7817
-17,7818
-9,7819
-9,7820
-9,7821
-12,7822
-13,7823
-12,7824
-12,7825
-3,7826
-12,7827
6827,7828
-4,7829
-4,7830
-4,7831
6255,7832
6255,7833
6255,7834
-15,7835
-15,7836
6461,7837
6485,7838
6485,7839
6467,7840
6484,7841
6474,7842
4184,7843
4184,7844
4184,7845
4184,7846
4184,7847
4350,7848
-9,7849
-17,7850
6446,7851
6446,7852
6446,7853
6466,7854
6460,7855
6511,7856
-17,7857
6686,7858
6462,7859
-12,7860
-12,7861
-12,7862
-17,7863
-12,7864
6447,7865
6461,7866
6493,7867
6493,7868
6493,7869
6447,7870
6487,7871
4350,7872
6488,7873
6426,7874
7399,7875
-17,7876
6686,7877
6686,7878
7417,7879
-17,7880
6688,7881
6688,7882
-17,7883
6688,7884
-4,7885
-4,7886
-4,7887
-4,7888
-4,7889
-4,7890
-4,7891
-4,7892
-4,7893
-17,7894
-17,7895
-17,7896
-17,7897
-17,7898
-17,7899
-4,7900
-4,7901
-17,7902
-17,7903
-17,7904
-4,7905
-4,7906
-17,7907
-17,7908
-17,7909
-4,7910
-17,7911
-17,7912
-17,7913
-17,7914
-17,7915
-17,7916
-17,7917
-17,7918
-17,7919
-4,7920
-4,7921
-4,7922
-4,7923
-17,7924
-17,7925
3747,7926
3747,7927
3747,7928
3747,7929
3783,7930
-4,7931
-4,7932
-17,7933
-17,7934
-17,7935
6805,7936
-4,7937
-4,7938
-4,7939
-4,7940
-4,7941
-4,7942
-17,7943
-4,7944
-13,7945
-17,7946
-17,7947
7038,7948
-4,7949
-4,7950
-4,7951
-13,7952
-2,7953
-4,7954
-17,7955
-4,7956
2965,7957
5215,7958
-9,7959
-9,7960
-9,7961
-15,7962
-12,7963
-12,7964
-17,7965
-17,7966
6458,7967
-9,7968
6464,7969
5571,7970
6501,7971
-17,7972
6452,7973
6445,7974
6460,7975
-12,7976
-17,7977
-17,7978
-17,7979
7439,7980
-17,7981
-17,7982
-17,7983
6493,7984
-17,7985
-17,7986
-17,7987
-17,7988
-17,7989
-12,7990
6995,7991
-17,7992
-17,7993
7439,7994
-17,7995
6493,7996
-17,7997
-17,7998
-17,7999
-5,8000
-5,8001
-5,8002
-5,8003
-12,8004
-12,8005
-5,8006
-5,8007
-5,8008
-5,8009
-5,8010
-5,8011
-5,8012
5921,8013
5921,8014
5921,8015
5921,8016
7553,8017
6904,8018
-13,8019
-17,8020
7024,8021
7024,8022
-9,8023
-9,8024
7291,8025
7291,8026
-4,8027
-4,8028
-4,8029
-4,8030
7024,8031
-4,8032
-4,8033
-4,8034
-4,8035
-4,8036
-4,8037
-4,8038
-12,8039
-4,8040
-4,8041
-4,8042
-4,8043
-4,8044
-4,8045
-4,8046
-4,8047
-4,8048
-4,8049
-4,8050
-4,8051
-4,8052
-9,8053
-9,8054
-9,8055
-17,8056
-12,8057
-12,8058
6907,8059
-17,8060
-9,8061
6908,8062
-12,8063
-17,8064
-17,8065
-17,8066
-17,8067
-17,8068
-17,8069
6159,8070
6159,8071
6159,8072
6159,8073
7576,8074
7778,8075
-13,8076
-12,8077
7624,8078
7624,8079
-12,8080
-12,8081
-9,8082
-4,8083
-4,8084
-4,8085
7261,8086
7636,8087
7636,8088
-4,8089
-13,8090
-4,8091
-4,8092
-4,8093
-17,8094
-17,8095
-9,8096
2090,8097
-17,8098
-15,8099
-12,8100
-15,8101
-15,8102
-15,8103
-15,8104
-12,8105
7259,8106
-12,8107
-17,8108
-12,8109
-15,8110
6386,8111
6386,8112
6879,8113
6879,8114
6386,8115
-15,8116
-12,8117
-12,8118
-12,8119
-15,8120
-15,8121
-15,8122
-12,8123
-15,8124
-15,8125
7229,8126
7229,8127
7229,8128
7229,8129
7229,8130
7229,8131
7229,8132
7229,8133
7229,8134
7229,8135
-17,8136
-17,8137
-17,8138
-17,8139
-17,8140
-17,8141
-17,8142
-17,8143
-17,8144
-17,8145
-17,8146
-17,8147
-17,8148
-17,8149
-17,8150
-17,8151
-17,8152
-17,8153
-17,8154
-12,8155
-12,8156
-15,8157
-13,8158
-12,8159
-15,8160
-15,8161
-15,8162
-17,8163
-15,8164
6898,8165
-15,8166
-15,8167
-17,8168
-12,8169
6898,8170
7622,8171
7622,8172
7622,8173
2030,8174
7622,8175
7622,8176
-15,8177
-15,8178
-15,8179
-12,8180
7259,8181
-15,8182
-15,8183
-15,8184
-12,8185
-12,8186
-12,8187
-12,8188
7605,8189
-9,8190
-12,8191
-12,8192
-15,8193
-15,8194
-12,8195
-12,8196
-17,8197
-12,8198
-17,8199
-12,8200
-12,8201
-12,8202
-15,8203
-12,8204
-12,8205
-9,8206
-13,8207
-9,8208
-13,8209
-17,8210
-2,8211
-13,8212
-17,8213
-15,8214
-12,8215
-17,8216
-12,8217
-12,8218
-17,8219
-12,8220
-17,8221
-15,8222
-12,8223
-12,8224
-12,8225
-17,8226
-17,8227
-17,8228
-17,8229
-17,8230
-4,8231
6768,8232
-12,8233
-4,8234
-4,8235
-3,8236
-4,8237
-4,8238
-4,8239
-4,8240
-4,8241
-4,8242
-12,8243
-4,8244
-3,8245
-17,8246
-4,8247
-4,8248
-4,8249
-4,8250
-4,8251
-4,8252
-4,8253
-4,8254
-4,8255
-4,8256
-4,8257
-12,8258
-12,8259
-4,8260
-4,8261
-4,8262
-4,8263
-4,8264
-4,8265
-4,8266
-4,8267
-4,8268
-4,8269
-17,8270
-12,8271
-3,8272
6325,8273
-4,8274
-4,8275
-12,8276
-4,8277
-4,8278
-4,8279
-4,8280
-12,8281
-5,8282
-4,8283
-4,8284
-4,8285
-12,8286
-17,8287
-17,8288
7039,8289
7039,8290
6832,8291
6832,8292
6832,8293
6832,8294
6832,8295
6832,8296
6255,8297
6255,8298
-9,8299
-12,8300
-12,8301
-4,8302
-4,8303
-12,8304
-12,8305
-12,8306
-17,8307
-17,8308
-4,8309
-4,8310
-9,8311
-4,8312
-4,8313
-4,8314
-4,8315
-5,8316
-5,8317
8005,8318
-4,8319
-5,8320
-17,8321
-17,8322
-17,8323
-17,8324
-4,8325
-4,8326
-9,8327
-13,8328
-4,8329
5451,8330
-17,8331
-4,8332
-4,8333
-4,8334
-4,8335
-4,8336
-4,8337
-4,8338
-4,8339
-4,8340
-4,8341
-4,8342
-4,8343
-4,8344
-13,8345
-17,8346
-17,8347
-4,8348
-4,8349
-4,8350
-4,8351
-4,8352
-4,8353
-4,8354
-4,8355
-4,8356
7964,8357
7964,8358
6446,8359
7406,8360
7441,8361
7406,8362
7441,8363
7406,8364
-12,8365
-12,8366
7441,8367
7437,8368
-17,8369
-17,8370
5957,8371
-17,8372
-12,8373
-12,8374
-4,8375
7439,8376
7439,8377
7439,8378
7439,8379
6462,8380
-17,8381
-17,8382
-17,8383
-9,8384
7097,8385
-12,8386
-12,8387
-12,8388
-12,8389
-17,8390
-17,8391
-12,8392
-17,8393
7096,8394
-2,8395
-2,8396
-2,8397
7524,8398
7524,8399
7524,8400
7524,8401
7524,8402
7524,8403
7524,8404
7524,8405
7524,8406
7524,8407
7524,8408
7524,8409
7524,8410
7524,8411
7524,8412
7524,8413
6956,8414
6956,8415
6956,8416
6956,8417
6956,8418
-2,8419
-2,8420
-2,8421
-2,8422
-9,8423
-9,8424
-4,8425
-4,8426
-2,8427
-2,8428
-2,8429
7776,8430
-2,8431
-4,8432
-4,8433
-4,8434
-4,8435
-4,8436
-9,8437
-4,8438
-2,8439
-4,8440
-4,8441
-2,8442
-2,8443
6956,8444
-4,8445
-2,8446
-2,8447
-2,8448
-2,8449
6956,8450
5561,8451
5561,8452
5561,8453
5561,8454
-2,8455
-2,8456
-2,8457
-4,8458
-4,8459
-4,8460
-4,8461
-4,8462
-4,8463
-17,8464
-4,8465
-3,8466
-4,8467
-13,8468
-9,8469
-13,8470
-9,8471
-9,8472
-13,8473
-13,8474
-13,8475
-13,8476
-13,8477
-13,8478
-13,8479
-13,8480
-13,8481
-13,8482
-13,8483
-13,8484
-13,8485
-13,8486
-4,8487
-4,8488
-12,8489
7778,8490
7778,8491
-15,8492
-17,8493
-3,8494
-13,8495
8060,8496
8060,8497
8060,8498
-12,8499
-12,8500
-9,8501
-4,8502
-4,8503
-17,8504
-17,8505
-17,8506
-17,8507
-17,8508
-12,8509
-12,8510
-17,8511
-12,8512
-17,8513
7636,8514
-12,8515
8088,8516
7636,8517
7636,8518
7636,8519
7636,8520
8087,8521
8087,8522
8087,8523
8087,8524
8087,8525
7636,8526
8087,8527
7636,8528
7636,8529
7636,8530
8087,8531
7636,8532
8087,8533
8087,8534
8087,8535
8087,8536
8087,8537
8087,8538
7781,8539
7781,8540
7262,8541
7781,8542
7781,8543
7578,8544
7578,8545
-17,8546
7578,8547
-12,8548
-9,8549
-9,8550
6565,8551
-15,8552
-17,8553
-12,8554
-17,8555
7259,8556
7259,8557
-17,8558
7259,8559
7259,8560
-12,8561
-15,8562
-15,8563
-15,8564
-15,8565
-12,8566
-17,8567
-12,8568
-15,8569
-15,8570
-15,8571
-12,8572
-15,8573
-15,8574
-12,8575
-15,8576
-15,8577
-12,8578
-15,8579
6035,8580
6035,8581
6882,8582
6882,8583
6558,8584
6558,8585
-12,8586
-12,8587
6169,8588
-15,8589
-12,8590
-12,8591
-17,8592
-13,8593
-17,8594
-17,8595
-17,8596
-17,8597
-15,8598
-15,8599
-12,8600
-12,8601
-12,8602
-12,8603
-2,8604
-2,8605
-2,8606
-12,8607
8216,8608
8216,8609
8216,8610
8216,8611
8216,8612
-15,8613
-12,8614
-12,8615
6542,8616
6542,8617
6542,8618
6559,8619
6866,8620
-12,8621
-5,8622
-5,8623
-5,8624
-5,8625
-5,8626
-5,8627
-5,8628
-5,8629
-5,8630
-5,8631
-5,8632
-5,8633
-5,8634
-5,8635
-5,8636
-5,8637
-5,8638
-5,8639
-12,8640
6150,8641
6832,8642
6832,8643
6832,8644
6832,8645
6832,8646
6832,8647
-17,8648
-4,8649
-4,8650
-4,8651
-4,8652
-4,8653
-4,8654
-4,8655
-4,8656
-4,8657
-4,8658
-4,8659
-4,8660
-4,8661
-4,8662
-15,8663
-4,8664
7903,8665
7903,8666
7903,8667
7903,8668
-17,8669
-4,8670
-4,8671
-4,8672
-17,8673
-4,8674
-4,8675
-4,8676
-4,8677
-4,8678
-4,8679
-4,8680
-4,8681
-4,8682
-4,8683
-4,8684
-4,8685
-4,8686
-4,8687
-4,8688
-4,8689
-4,8690
-13,8691
8271,8692
-4,8693
-4,8694
-4,8695
-4,8696
-13,8697
-17,8698
-17,8699
-17,8700
7547,8701
7547,8702
7547,8703
7547,8704
7547,8705
7547,8706
7547,8707
7547,8708
-13,8709
-4,8710
8714,8711
8714,8712
8714,8713
-12,8714
-13,8715
-13,8716
-4,8717
-13,8718
-4,8719
-4,8720
-4,8721
-4,8722
-12,8723
-12,8724
-12,8725
-12,8726
7389,8727
7389,8728
7389,8729
7389,8730
7389,8731
7389,8732
7387,8733
7387,8734
7387,8735
7387,8736
7387,8737
7387,8738
7386,8739
7386,8740
7948,8741
6254,8742
-2,8743
-4,8744
7384,8745
7384,8746
7384,8747
7384,8748
7036,8749
7036,8750
8286,8751
8286,8752
6839,8753
-4,8754
-5,8755
-2,8756
-2,8757
-2,8758
-2,8759
-2,8760
-2,8761
-2,8762
-2,8763
-2,8764
-2,8765
-2,8766
-2,8767
-2,8768
-2,8769
-2,8770
-2,8771
-2,8772
-2,8773
-12,8774
-12,8775
-12,8776
-15,8777
-12,8778
-2,8779
-2,8780
-2,8781
-2,8782
-2,8783
-2,8784
-2,8785
-2,8786
-2,8787
-2,8788
-12,8789
-12,8790
-12,8791
-12,8792
-12,8793
-12,8794
7624,8795
-9,8796
-12,8797
-8,8798
7573,8799
-2,8800
7573,8801
7573,8802
7573,8803
7573,8804
7573,8805
7573,8806
-13,8807
-13,8808
-13,8809
-13,8810
-9,8811
-12,8812
-17,8813
8059,8814
8087,8815
-17,8816
-4,8817
-17,8818
-9,8819
-9,8820
-17,8821
8206,8822
-17,8823
7182,8824
-12,8825
8221,8826
8221,8827
8221,8828
7223,8829
-12,8830
-12,8831
-12,8832
-12,8833
6540,8834
-12,8835
-12,8836
-12,8837
-4,8838
-13,8839
-17,8840
-12,8841
7817,8842
7817,8843
7817,8844
7181,8845
7181,8846
7181,8847
7181,8848
-12,8849
-12,8850
-12,8851
-12,8852
-12,8853
-12,8854
-12,8855
-17,8856
-12,8857
-12,8858
-12,8859
-12,8860
-12,8861
-4,8862
6564,8863
-12,8864
-12,8865
-17,8866
-12,8867
-12,8868
-12,8869
-12,8870
7259,8871
-12,8872
-12,8873
-12,8874
-12,8875
-12,8876
-12,8877
-12,8878
-17,8879
-17,8880
-17,8881
-12,8882
-12,8883
-17,8884
-17,8885
-17,8886
-12,8887
-12,8888
-12,8889
-17,8890
-12,8891
-12,8892
-17,8893
-17,8894
-12,8895
-12,8896
-17,8897
-12,8898
-17,8899
-12,8900
-12,8901
-17,8902
-17,8903
-12,8904
-17,8905
-12,8906
-12,8907
-12,8908
-17,8909
-17,8910
2030,8911
-12,8912
-12,8913
-12,8914
-12,8915
-12,8916
-12,8917
-12,8918
-12,8919
-12,8920
2030,8921
2030,8922
2030,8923
-17,8924
-12,8925
-17,8926
-17,8927
-17,8928
-17,8929
2030,8930
2030,8931
2030,8932
2030,8933
-17,8934
-17,8935
-17,8936
-17,8937
-12,8938
-12,8939
-12,8940
-12,8941
-17,8942
-17,8943
-17,8944
-17,8945
-17,8946
-12,8947
-17,8948
-12,8949
-17,8950
-12,8951
-17,8952
-12,8953
-17,8954
-17,8955
-17,8956
-17,8957
-12,8958
-12,8959
-12,8960
-12,8961
-12,8962
-17,8963
-12,8964
-12,8965
-12,8966
-12,8967
-17,8968
-12,8969
-12,8970
-12,8971
-12,8972
-12,8973
-12,8974
-12,8975
-17,8976
-12,8977
-12,8978
-12,8979
-12,8980
-12,8981
-17,8982
-12,8983
-12,8984
-17,8985
-12,8986
-17,8987
-17,8988
-17,8989
-17,8990
-17,8991
-17,8992
-17,8993
-12,8994
-17,8995
-12,8996
-17,8997
-12,8998
-17,8999
-12,9000
-17,9001
-17,9002
-17,9003
-17,9004
-12,9005
-17,9006
-17,9007
-17,9008
-17,9009
-12,9010
-12,9011
-12,9012
-12,9013
-17,9014
-17,9015
-17,9016
-12,9017
-4,9018
-4,9019
-4,9020
-4,9021
-4,9022
-12,9023
-5,9024
-5,9025
-5,9026
6618,9027
6618,9028
-15,9029
-4,9030
-9,9031
-4,9032
-4,9033
-4,9034
-12,9035
-13,9036
-13,9037
-13,9038
-13,9039
-13,9040
-13,9041
-13,9042
-13,9043
-9,9044
-9,9045
-12,9046
8160,9047
-13,9048
-4,9049
-12,9050
-12,9051
-17,9052
-9,9053
-2,9054
7524,9055
7524,9056
-17,9057
7524,9058
-17,9059
-4,9060
-17,9061
-17,9062
7524,9063
-15,9064
-12,9065
-12,9066
-12,9067
-12,9068
-12,9069
-17,9070
-12,9071
-12,9072
7419,9073
7093,9074
6997,9075
7447,9076
6994,9077
6994,9078
6490,9079
7413,9080
-12,9081
-17,9082
7450,9083
7401,9084
4996,9085
4996,9086
4996,9087
4996,9088
6490,9089
6490,9090
6490,9091
6476,9092
6453,9093
6453,9094
-17,9095
7417,9096
7417,9097
-12,9098
7102,9099
-12,9100
-12,9101
7102,9102
-17,9103
6686,9104
-4,9105
-17,9106
-4,9107
-4,9108
-4,9109
-4,9110
-4,9111
8270,9112
-4,9113
-4,9114
-4,9115
-4,9116
-4,9117
-4,9118
-4,9119
-4,9120
-4,9121
-4,9122
-4,9123
-4,9124
-4,9125
-4,9126
-9,9127
-9,9128
1243,9129
-4,9130
-4,9131
-4,9132
-4,9133
8692,9134
8697,9135
-4,9136
-4,9137
-4,9138
-4,9139
-4,9140
-4,9141
-13,9142
7908,9143
-4,9144
-4,9145
-4,9146
8673,9147
8673,9148
-2,9149
-17,9150
-4,9151
-13,9152
8714,9153
8714,9154
8714,9155
-13,9156
-4,9157
7060,9158
7060,9159
7060,9160
-12,9161
-4,9162
-4,9163
-4,9164
-4,9165
-13,9166
-4,9167
-12,9168
-12,9169
6246,9170
6246,9171
6246,9172
6246,9173
-15,9174
6246,9175
6246,9176
-12,9177
-12,9178
-12,9179
6588,9180
-15,9181
-12,9182
-4,9183
-4,9184
-17,9185
-4,9186
-4,9187
-17,9188
-4,9189
-4,9190
-4,9191
-4,9192
6843,9193
6843,9194
6843,9195
6843,9196
8885,9197
8885,9198
8885,9199
8885,9200
-4,9201
-5,9202
-5,9203
-5,9204
-5,9205
-5,9206
-5,9207
-5,9208
-12,9209
-5,9210
-5,9211
-5,9212
-5,9213
-4,9214
-13,9215
8065,9216
8065,9217
8065,9218
8065,9219
8065,9220
8065,9221
8065,9222
8065,9223
8065,9224
-13,9225
-13,9226
-4,9227
-4,9228
-12,9229
-12,9230
-12,9231
-12,9232
6906,9233
-17,9234
7209,9235
7209,9236
7262,9237
-13,9238
8224,9239
8224,9240
-15,9241
6360,9242
7588,9243
7588,9244
7588,9245
7182,9246
-17,9247
-12,9248
-12,9249
-12,9250
6546,9251
9017,9252
-12,9253
-15,9254
-12,9255
-12,9256
-12,9257
-12,9258
-12,9259
-12,9260
-12,9261
-12,9262
-12,9263
-12,9264
-12,9265
-12,9266
-12,9267
-9,9268
-17,9269
-12,9270
-12,9271
-12,9272
-17,9273
-17,9274
-12,9275
-15,9276
-12,9277
-17,9278
-17,9279
-17,9280
-17,9281
-17,9282
-2,9283
-17,9284
-12,9285
8881,9286
-17,9287
-12,9288
-15,9289
-12,9290
-17,9291
6560,9292
8885,9293
6883,9294
-17,9295
-12,9296
-12,9297
-12,9298
-15,9299
6565,9300
-13,9301
1338,9302
1338,9303
-12,9304
-17,9305
-12,9306
7199,9307
7199,9308
7199,9309
7611,9310
7611,9311
7611,9312
7611,9313
-13,9314
6008,9315
-17,9316
-17,9317
8564,9318
7248,9319
-12,9320
-12,9321
8569,9322
-15,9323
-17,9324
-12,9325
-12,9326
-17,9327
-12,9328
-17,9329
-17,9330
-17,9331
-17,9332
-17,9333
-17,9334
-17,9335
-13,9336
-17,9337
-17,9338
-17,9339
-17,9340
-17,9341
-17,9342
-17,9343
-9,9344
-17,9345
-17,9346
-17,9347
-17,9348
-17,9349
-17,9350
-17,9351
-17,9352
-17,9353
-17,9354
-17,9355
-17,9356
-17,9357
-17,9358
-17,9359
-17,9360
-17,9361
-15,9362
-17,9363
-17,9364
-4,9365
7104,9366
-2,9367
-4,9368
-9,9369
-4,9370
5525,9371
-2,9372
-4,9373
-4,9374
-4,9375
-4,9376
-17,9377
-4,9378
-4,9379
-4,9380
-4,9381
-4,9382
6755,9383
6755,9384
-4,9385
-9,9386
-9,9387
-4,9388
-4,9389
-4,9390
-4,9391
-4,9392
-17,9393
-4,9394
-17,9395
-4,9396
-4,9397
-4,9398
-13,9399
-4,9400
5385,9401
-17,9402
8289,9403
8289,9404
8725,9405
7832,9406
-13,9407
9407,9408
9407,9409
-13,9410
-12,9411
8292,9412
-4,9413
-4,9414
-4,9415
-13,9416
-12,9417
-12,9418
8289,9419
-15,9420
-15,9421
-17,9422
-12,9423
-12,9424
-12,9425
-12,9426
9429,9427
9429,9428
-17,9429
-17,9430
-17,9431
-12,9432
-12,9433
-12,9434
-12,9435
-12,9436
9279,9437
9279,9438
9279,9439
-17,9440
-17,9441
-17,9442
-15,9443
-12,9444
-17,9445
-12,9446
-17,9447
-12,9448
-12,9449
-17,9450
-12,9451
-12,9452
-12,9453
-12,9454
-12,9455
-12,9456
-17,9457
-12,9458
-12,9459
-12,9460
-12,9461
-17,9462
-12,9463
-12,9464
-12,9465
-12,9466
-12,9467
-15,9468
-12,9469
-17,9470
-17,9471
-17,9472
-12,9473
-12,9474
-12,9475
-12,9476
-17,9477
-12,9478
-17,9479
-12,9480
-15,9481
-15,9482
-12,9483
-17,9484
-12,9485
-12,9486
-17,9487
-17,9488
-12,9489
-12,9490
-13,9491
-17,9492
-12,9493
-12,9494
-15,9495
-12,9496
-12,9497
-12,9498
-12,9499
-2,9500
-12,9501
-12,9502
-15,9503
-17,9504
-12,9505
-12,9506
-12,9507
-15,9508
-12,9509
6862,9510
6862,9511
6862,9512
8218,9513
8218,9514
8218,9515
8218,9516
8218,9517
-15,9518
6865,9519
6872,9520
8830,9521
8830,9522
-17,9523
-2,9524
-2,9525
-2,9526
-2,9527
-2,9528
-17,9529
-17,9530
-17,9531
-17,9532
-12,9533
-4,9534
-12,9535
-12,9536
-13,9537
-17,9538
-17,9539
9541,9540
8810,9541
9541,9542
-17,9543
-15,9544
-17,9545
-15,9546
6414,9547
7802,9548
-4,9549
8063,9550
-6,9551
-13,9552
-13,9553
-13,9554
-9,9555
-9,9556
-9,9557
-9,9558
-9,9559
-9,9560
-9,9561
-9,9562
-9,9563
9399,9564
9399,9565
9399,9566
-9,9567
-9,9568
-9,9569
-13,9570
-6,9571
-17,9572
8311,9573
-17,9574
-17,9575
-17,9576
-4,9577
-4,9578
-4,9579
-4,9580
-13,9581
-4,9582
-4,9583
8318,9584
8318,9585
8318,9586
8318,9587
-15,9588
-12,9589
-15,9590
-5,9591
-13,9592
-13,9593
-17,9594
2047,9595
-5,9596
-4,9597
-4,9598
-4,9599
-4,9600
-4,9601
-5,9602
-5,9603
-5,9604
-17,9605
-17,9606
-4,9607
-4,9608
-17,9609
-12,9610
7090,9611
7090,9612
7090,9613
7090,9614
7090,9615
7090,9616
-2,9617
8648,9618
-2,9619
-4,9620
-4,9621
-4,9622
-4,9623
-4,9624
-9,9625
-9,9626
-4,9627
-4,9628
-4,9629
-4,9630
-4,9631
-4,9632
-17,9633
6111,9634
-4,9635
-4,9636
-4,9637
-4,9638
-4,9639
-4,9640
-4,9641
-4,9642
-4,9643
-4,9644
-4,9645
-9,9646
-12,9647
-4,9648
8388,9649
7860,9650
-12,9651
-17,9652
6993,9653
6993,9654
6993,9655
6993,9656
6993,9657
6696,9658
-17,9659
7102,9660
7102,9661
8380,9662
7439,9663
-15,9664
-15,9665
-15,9666
-17,9667
7450,9668
6463,9669
6463,9670
7450,9671
6489,9672
-17,9673
7860,9674
7860,9675
7178,9676
-12,9677
-12,9678
-15,9679
7399,9680
7399,9681
7417,9682
7414,9683
7414,9684
7414,9685
6435,9686
7420,9687
7439,9688
8388,9689
6688,9690
-17,9691
-17,9692
6997,9693
6997,9694
6997,9695
-13,9696
7411,9697
6452,9698
6696,9699
-12,9700
7450,9701
-17,9702
-17,9703
-12,9704
-17,9705
8792,9706
8792,9707
8792,9708
-12,9709
-12,9710
-12,9711
-12,9712
-12,9713
-2,9714
-2,9715
-12,9716
7836,9717
7836,9718
7836,9719
7836,9720
-12,9721
-12,9722
-12,9723
-4,9724
-4,9725
9404,9726
9403,9727
9403,9728
-13,9729
-15,9730
-13,9731
-4,9732
-12,9733
-12,9734
-12,9735
-15,9736
-12,9737
-12,9738
-12,9739
-5,9740
-5,9741
-5,9742
-5,9743
-12,9744
-13,9745
-17,9746
-9,9747
9215,9748
9215,9749
-4,9750
-4,9751
-13,9752
-9,9753
-6,9754
9569,9755
-9,9756
-9,9757
-9,9758
-13,9759
3851,9760
-13,9761
-4,9762
-4,9763
-4,9764
-4,9765
-4,9766
-4,9767
-17,9768
-4,9769
-4,9770
3851,9771
3851,9772
-4,9773
-4,9774
-4,9775
-4,9776
-4,9777
7274,9778
-4,9779
-4,9780
-4,9781
-4,9782
8742,9783
8742,9784
8742,9785
7040,9786
8741,9787
8741,9788
8741,9789
8741,9790
8742,9791
-12,9792
-17,9793
-12,9794
-4,9795
-4,9796
-4,9797
-4,9798
-4,9799
-13,9800
-13,9801
-13,9802
-13,9803
-4,9804
-4,9805
-4,9806
-4,9807
-12,9808
-12,9809
-12,9810
-17,9811
-13,9812
-13,9813
-9,9814
-9,9815
-12,9816
-12,9817
-17,9818
-4,9819
-4,9820
-4,9821
-4,9822
-9,9823
-4,9824
-4,9825
-9,9826
-2,9827
-2,9828
-4,9829
-4,9830
-4,9831
-17,9832
-17,9833
-4,9834
-4,9835
-4,9836
-4,9837
-4,9838
-4,9839
-4,9840
-4,9841
-17,9842
-17,9843
-15,9844
-15,9845
-4,9846
-4,9847
-4,9848
-4,9849
-4,9850
-4,9851
-4,9852
-4,9853
7169,9854
5578,9855
-17,9856
-17,9857
-17,9858
-15,9859
-12,9860
9101,9861
9101,9862
9101,9863
7721,9864
7718,9865
7732,9866
6456,9867
8383,9868
7862,9869
7862,9870
7706,9871
7706,9872
7706,9873
-17,9874
-12,9875
-17,9876
6440,9877
-12,9878
-17,9879
-17,9880
6455,9881
-12,9882
-17,9883
7425,9884
3254,9885
-17,9886
-12,9887
-12,9888
8492,9889
8065,9890
8806,9891
-13,9892
-13,9893
-13,9894
7778,9895
7778,9896
-12,9897
-12,9898
-12,9899
-15,9900
8547,9901
8547,9902
8547,9903
8547,9904
8547,9905
-17,9906
-13,9907
-13,9908
-17,9909
-17,9910
-17,9911
-17,9912
-17,9913
-17,9914
-17,9915
-17,9916
-17,9917
-12,9918
-13,9919
-12,9920
-17,9921
8088,9922
-12,9923
8515,9924
-12,9925
8515,9926
8515,9927
8515,9928
8515,9929
8515,9930
8515,9931
8515,9932
8515,9933
8515,9934
8515,9935
7261,9936
8086,9937
-17,9938
-12,9939
-17,9940
-15,9941
-13,9942
-13,9943
-13,9944
-13,9945
-17,9946
-13,9947
-9,9948
8573,9949
-12,9950
8094,9951
-15,9952
-12,9953
7247,9954
7247,9955
7247,9956
-17,9957
-17,9958
-17,9959
-17,9960
-12,9961
-12,9962
-17,9963
-12,9964
-12,9965
-12,9966
-17,9967
-12,9968
-17,9969
-12,9970
-17,9971
-17,9972
-12,9973
-17,9974
-12,9975
-12,9976
-17,9977
-17,9978
-2,9979
-17,9980
-17,9981
-12,9982
-12,9983
-2,9984
8958,9985
-17,9986
-17,9987
-17,9988
-17,9989
-17,9990
-17,9991
-17,9992
-17,9993
-12,9994
-17,9995
-12,9996
-12,9997
-17,9998
-12,9999
-12,10000
-17,10001
-12,10002
-17,10003
-17,10004
-17,10005
-17,10006
-17,10007
-17,10008
-12,10009
-12,10010
-17,10011
-17,10012
-17,10013
-17,10014
-17,10015
-12,10016
-12,10017
-12,10018
-12,10019
-12,10020
-17,10021
-12,10022
-12,10023
-17,10024
-17,10025
-17,10026
-17,10027
-17,10028
-17,10029
-17,10030
-17,10031
-12,10032
-12,10033
6900,10034
-12,10035
-12,10036
-12,10037
-12,10038
-12,10039
-12,10040
-12,10041
-17,10042
-12,10043
-12,10044
-13,10045
-17,10046
-15,10047
-17,10048
-12,10049
-12,10050
-12,10051
-17,10052
-17,10053
-5,10054
-5,10055
-5,10056
-12,10057
-12,10058
-13,10059
-13,10060
-2,10061
-12,10062
-12,10063
-17,10064
-12,10065
-5,10066
-12,10067
-12,10068
-13,10069
-12,10070
-12,10071
6862,10072
6862,10073
-12,10074
7817,10075
-17,10076
-12,10077
-12,10078
-12,10079
-12,10080
-12,10081
8619,10082
-12,10083
-12,10084
-12,10085
-12,10086
-12,10087
-17,10088
-17,10089
-17,10090
-17,10091
-12,10092
-12,10093
-12,10094
-9,10095
-13,10096
-17,10097
8220,10098
8220,10099
-17,10100
-17,10101
7590,10102
7590,10103
7590,10104
7590,10105
7590,10106
7590,10107
-15,10108
-17,10109
7596,10110
8605,10111
8605,10112
8605,10113
8616,10114
-12,10115
-12,10116
-12,10117
-12,10118
-17,10119
-17,10120
9583,10121
9583,10122
9583,10123
-17,10124
9215,10125
9215,10126
-17,10127
-17,10128
-17,10129
-17,10130
-17,10131
-17,10132
-17,10133
-13,10134
-5,10135
-5,10136
-12,10137
-12,10138
-12,10139
-12,10140
-12,10141
-12,10142
-12,10143
-12,10144
-13,10145
-13,10146
9407,10147
9407,10148
9407,10149
9407,10150
9407,10151
9407,10152
-4,10153
9407,10154
9407,10155
8300,10156
8300,10157
8300,10158
8300,10159
8300,10160
-4,10161
-4,10162
9151,10163
9151,10164
9151,10165
9151,10166
9151,10167
-4,10168
-4,10169
-4,10170
-4,10171
-4,10172
-4,10173
-4,10174
-13,10175
-4,10176
7274,10177
-13,10178
-13,10179
-4,10180
-5,10181
-4,10182
-4,10183
-13,10184
8311,10185
-17,10186
-17,10187
-17,10188
-4,10189
-4,10190
-4,10191
-4,10192
-4,10193
-4,10194
-17,10195
-4,10196
-4,10197
-4,10198
-4,10199
-4,10200
-4,10201
-13,10202
-13,10203
-13,10204
8447,10205
-9,10206
7957,10207
-2,10208
-2,10209
9068,10210
6997,10211
-17,10212
7967,10213
7967,10214
9072,10215
9072,10216
9072,10217
-12,10218
9097,10219
9097,10220
7975,10221
7975,10222
7975,10223
7975,10224
7996,10225
9697,10226
9697,10227
9697,10228
-17,10229
-12,10230
-12,10231
-12,10232
-13,10233
-13,10234
-15,10235
-4,10236
-4,10237
-4,10238
-4,10239
-4,10240
-4,10241
-4,10242
-3,10243
-3,10244
-4,10245
-17,10246
-4,10247
6316,10248
-4,10249
-4,10250
-4,10251
-4,10252
-4,10253
-4,10254
-4,10255
-4,10256
-4,10257
-4,10258
-4,10259
-4,10260
-4,10261
-4,10262
-4,10263
6323,10264
6323,10265
-4,10266
-4,10267
-4,10268
7909,10269
-17,10270
9588,10271
9588,10272
9588,10273
-15,10274
-12,10275
-5,10276
-5,10277
-5,10278
-5,10279
-5,10280
-5,10281
-5,10282
-5,10283
-5,10284
-5,10285
-5,10286
-5,10287
-5,10288
-5,10289
-5,10290
-5,10291
-5,10292
-5,10293
-5,10294
9589,10295
9589,10296
9589,10297
-17,10298
-4,10299
-17,10300
9576,10301
9576,10302
9576,10303
9576,10304
9576,10305
-17,10306
9576,10307
-4,10308
-4,10309
-4,10310
-4,10311
7396,10312
-12,10313
-12,10314
-12,10315
-12,10316
-12,10317
-12,10318
7394,10319
-12,10320
-12,10321
-4,10322
-4,10323
-4,10324
-4,10325
8699,10326
8699,10327
8699,10328
8699,10329
-17,10330
8699,10331
8699,10332
-17,10333
8699,10334
-17,10335
-13,10336
9560,10337
-17,10338
9758,10339
-13,10340
-13,10341
-13,10342
-13,10343
-17,10344
-17,10345
-13,10346
-13,10347
-17,10348
-13,10349
-17,10350
9553,10351
5920,10352
7553,10353
7553,10354
8480,10355
-13,10356
-13,10357
-13,10358
-17,10359
-17,10360
-17,10361
-17,10362
-17,10363
-17,10364
-17,10365
-17,10366
-17,10367
-17,10368
-17,10369
-9,10370
-17,10371
-17,10372
-12,10373
-4,10374
-15,10375
-9,10376
-17,10377
-13,10378
-12,10379
-17,10380
-17,10381
-17,10382
-4,10383
-17,10384
-12,10385
-12,10386
-12,10387
-15,10388
8492,10389
8492,10390
-17,10391
-13,10392
9915,10393
-13,10394
-13,10395
-13,10396
-13,10397
-13,10398
10403,10399
10403,10400
-12,10401
-15,10402
-15,10403
10403,10404
-12,10405
-12,10406
-12,10407
-17,10408
-17,10409
-15,10410
8088,10411
8528,10412
-17,10413
8087,10414
8514,10415
8088,10416
8514,10417
8516,10418
8528,10419
-17,10420
8543,10421
8543,10422
8542,10423
8542,10424
8515,10425
8515,10426
8508,10427
7261,10428
8526,10429
-12,10430
-12,10431
8515,10432
8516,10433
8517,10434
8533,10435
8508,10436
8508,10437
-17,10438
8510,10439
8088,10440
-8,10441
8513,10442
8513,10443
-17,10444
-12,10445
-12,10446
-17,10447
-17,10448
-17,10449
-12,10450
-17,10451
-9,10452
-17,10453
-17,10454
-12,10455
-12,10456
-17,10457
-12,10458
-17,10459
-15,10460
-17,10461
-12,10462
-17,10463
-12,10464
-17,10465
-17,10466
-12,10467
-13,10468
-12,10469
-12,10470
-17,10471
-17,10472
-12,10473
-17,10474
-12,10475
-12,10476
-15,10477
-15,10478
-17,10479
-15,10480
-12,10481
-17,10482
-9,10483
-17,10484
-12,10485
-17,10486
-12,10487
-17,10488
-17,10489
-17,10490
-12,10491
-17,10492
-12,10493
-12,10494
-12,10495
-17,10496
-12,10497
-12,10498
-12,10499
-17,10500
-17,10501
-17,10502
-12,10503
-17,10504
-17,10505
-17,10506
-12,10507
-17,10508
-12,10509
-17,10510
-12,10511
-12,10512
-12,10513
-13,10514
-12,10515
-12,10516
-12,10517
-12,10518
8825,10519
8825,10520
8825,10521
8825,10522
8825,10523
-12,10524
-12,10525
-12,10526
-12,10527
-12,10528
-12,10529
-12,10530
-12,10531
-12,10532
8599,10533
-12,10534
-12,10535
-12,10536
-12,10537
-12,10538
-12,10539
-12,10540
-12,10541
-12,10542
8640,10543
-12,10544
-17,10545
-12,10546
-12,10547
-12,10548
-12,10549
-12,10550
-12,10551
-17,10552
-12,10553
-12,10554
6546,10555
-2,10556
-13,10557
-13,10558
6546,10559
6546,10560
-13,10561
-5,10562
-4,10563
-5,10564
-13,10565
-13,10566
-9,10567
-17,10568
-4,10569
-5,10570
-5,10571
-5,10572
-5,10573
-5,10574
-5,10575
-5,10576
-5,10577
-5,10578
-5,10579
8005,10580
8004,10581
-17,10582
-13,10583
9735,10584
9735,10585
-12,10586
-12,10587
-15,10588
-15,10589
-12,10590
-12,10591
1025,10592
9739,10593
8006,10594
9735,10595
9735,10596
9735,10597
-12,10598
-13,10599
9704,10600
9704,10601
7387,10602
8723,10603
-3,10604
8723,10605
7832,10606
8724,10607
9704,10608
9704,10609
10148,10610
-17,10611
-12,10612
-13,10613
10141,10614
-12,10615
-6,10616
-12,10617
-9,10618
-12,10619
-17,10620
-5,10621
-13,10622
-4,10623
-4,10624
-4,10625
-15,10626
-12,10627
-9,10628
-13,10629
9573,10630
-12,10631
-17,10632
9574,10633
9574,10634
9573,10635
8311,10636
9573,10637
-12,10638
8300,10639
8300,10640
8300,10641
-15,10642
-12,10643
-15,10644
-13,10645
-15,10646
-4,10647
-17,10648
9166,10649
9166,10650
-4,10651
-4,10652
-12,10653
-12,10654
-4,10655
-4,10656
8228,10657
8228,10658
8228,10659
8228,10660
-12,10661
-13,10662
-9,10663
-13,10664
-9,10665
9518,10666
-9,10667
-13,10668
-9,10669
-13,10670
-13,10671
-13,10672
-9,10673
-4,10674
-13,10675
-13,10676
-12,10677
-12,10678
-12,10679
8057,10680
8057,10681
-17,10682
8057,10683
-2,10684
-4,10685
-4,10686
-4,10687
-17,10688
-13,10689
-12,10690
-15,10691
-12,10692
-13,10693
-4,10694
-4,10695
-4,10696
-4,10697
-4,10698
-4,10699
-4,10700
-4,10701
-4,10702
-4,10703
-4,10704
-4,10705
-4,10706
-4,10707
-4,10708
-4,10709
-4,10710
-4,10711
-4,10712
-4,10713
-4,10714
-4,10715
-4,10716
-4,10717
-4,10718
-4,10719
-4,10720
-4,10721
-17,10722
-13,10723
-12,10724
-4,10725
-12,10726
-17,10727
-15,10728
-15,10729
-17,10730
7964,10731
8385,10732
-17,10733
-12,10734
8390,10735
7965,10736
7858,10737
7858,10738
7978,10739
7978,10740
7978,10741
7404,10742
9667,10743
9667,10744
9667,10745
9667,10746
8359,10747
-17,10748
-15,10749
8390,10750
-12,10751
-17,10752
-12,10753
-12,10754
-12,10755
-17,10756
-17,10757
-17,10758
-17,10759
-17,10760
-17,10761
-17,10762
-12,10763
-6,10764
7867,10765
-17,10766
7444,10767
6458,10768
-15,10769
-17,10770
8366,10771
8370,10772
8370,10773
8653,10774
9647,10775
9647,10776
-4,10777
-12,10778
-9,10779
-12,10780
-12,10781
-12,10782
-17,10783
-6,10784
-4,10785
-12,10786
-4,10787
-15,10788
-9,10789
-13,10790
-6,10791
-13,10792
-12,10793
-13,10794
-12,10795
-12,10796
-17,10797
-17,10798
9416,10799
-12,10800
-12,10801
-12,10802
8743,10803
-12,10804
-12,10805
-12,10806
-12,10807
-12,10808
-12,10809
-12,10810
-12,10811
8743,10812
-12,10813
-13,10814
-17,10815
9417,10816
-12,10817
-12,10818
-12,10819
-12,10820
-17,10821
-12,10822
-12,10823
9229,10824
-17,10825
-12,10826
-17,10827
-12,10828
9546,10829
-12,10830
9546,10831
9900,10832
-13,10833
-12,10834
-17,10835
-17,10836
8495,10837
-17,10838
-12,10839
-15,10840
-17,10841
10511,10842
10511,10843
10511,10844
10511,10845
10511,10846
-12,10847
8593,10848
8593,10849
-12,10850
-17,10851
8589,10852
8589,10853
8589,10854
8589,10855
8589,10856
-17,10857
-12,10858
-17,10859
-9,10860
-12,10861
-12,10862
7593,10863
-12,10864
-12,10865
-17,10866
-12,10867
-17,10868
-17,10869
-17,10870
-12,10871
-12,10872
-12,10873
-12,10874
-12,10875
-12,10876
-12,10877
-12,10878
-15,10879
-17,10880
-12,10881
-12,10882
-17,10883
-17,10884
-12,10885
-12,10886
-12,10887
-12,10888
-12,10889
-17,10890
-17,10891
-12,10892
-12,10893
-17,10894
-17,10895
-12,10896
-12,10897
-12,10898
-12,10899
-17,10900
-12,10901
-17,10902
-12,10903
-12,10904
-17,10905
-17,10906
-12,10907
-12,10908
-12,10909
-12,10910
-17,10911
-12,10912
-17,10913
-17,10914
-17,10915
-12,10916
-17,10917
-17,10918
-12,10919
-17,10920
-17,10921
-12,10922
-12,10923
-12,10924
-17,10925
-17,10926
-12,10927
-12,10928
-12,10929
-12,10930
-12,10931
-12,10932
-12,10933
-12,10934
-17,10935
-17,10936
-12,10937
-17,10938
-12,10939
-12,10940
-12,10941
-12,10942
-17,10943
-12,10944
-12,10945
-17,10946
-12,10947
-17,10948
-17,10949
-12,10950
-12,10951
-17,10952
-12,10953
-12,10954
-17,10955
-17,10956
-17,10957
-17,10958
-12,10959
-17,10960
-15,10961
-17,10962
-12,10963
-12,10964
-15,10965
-17,10966
-12,10967
-12,10968
-12,10969
-12,10970
-12,10971
-17,10972
-12,10973
-12,10974
-12,10975
-17,10976
-12,10977
-12,10978
-17,10979
-15,10980
-5,10981
-12,10982
-15,10983
-5,10984
-5,10985
10388,10986
-12,10987
-12,10988
-12,10989
-17,10990
-12,10991
9704,10992
9704,10993
-12,10994
-12,10995
-12,10996
9704,10997
9704,10998
9704,10999
-12,11000
-5,11001
-5,11002
-5,11003
-5,11004
NA,11005
